timestamp,open,high,low,close,volume,symbol
2026-01-22 07:30:00,0.22187,0.252,0.20786,0.2261,1541158.0,ELSA/USDT:USDT
2026-01-22 07:45:00,0.2261,0.23124,0.21725,0.2217,13512639.0,ELSA/USDT:USDT
2026-01-22 08:00:00,0.2217,0.2304,0.21447,0.22137,12547493.0,ELSA/USDT:USDT
2026-01-22 08:15:00,0.22137,0.23868,0.2202,0.2365,5425365.0,ELSA/USDT:USDT
2026-01-22 08:30:00,0.2365,0.24643,0.23589,0.23934,10592115.0,ELSA/USDT:USDT
2026-01-22 08:45:00,0.23934,0.26466,0.23605,0.25923,12869618.0,ELSA/USDT:USDT
2026-01-22 09:00:00,0.25923,0.2655,0.23776,0.24173,16412114.0,ELSA/USDT:USDT
2026-01-22 09:15:00,0.24173,0.24555,0.22113,0.22848,10986096.0,ELSA/USDT:USDT
2026-01-22 09:30:00,0.22848,0.2408,0.22219,0.23596,11683709.0,ELSA/USDT:USDT
2026-01-22 09:45:00,0.23596,0.24276,0.2283,0.23346,8066032.0,ELSA/USDT:USDT
2026-01-22 10:00:00,0.23346,0.23638,0.22736,0.23245,7203687.0,ELSA/USDT:USDT
2026-01-22 10:15:00,0.23245,0.23685,0.22379,0.22808,4699145.0,ELSA/USDT:USDT
2026-01-22 10:30:00,0.22808,0.23803,0.20283,0.20836,17532084.0,ELSA/USDT:USDT
2026-01-22 10:45:00,0.20836,0.20958,0.19541,0.19973,8746461.0,ELSA/USDT:USDT
2026-01-22 11:00:00,0.19973,0.20454,0.18862,0.19004,7666097.0,ELSA/USDT:USDT
2026-01-22 11:15:00,0.19004,0.19212,0.18625,0.1884,7860346.0,ELSA/USDT:USDT
2026-01-22 11:30:00,0.1884,0.19327,0.18523,0.18845,7194519.0,ELSA/USDT:USDT
2026-01-22 11:45:00,0.18845,0.19921,0.1871,0.1985,7604737.0,ELSA/USDT:USDT
2026-01-22 12:00:00,0.1985,0.20876,0.195,0.20186,10712554.0,ELSA/USDT:USDT
2026-01-22 12:15:00,0.20186,0.2061,0.19708,0.20294,5264255.0,ELSA/USDT:USDT
2026-01-22 12:30:00,0.20294,0.20392,0.18985,0.19171,3807999.0,ELSA/USDT:USDT
2026-01-22 12:45:00,0.19171,0.198,0.1917,0.19577,1999343.0,ELSA/USDT:USDT
2026-01-22 13:00:00,0.19577,0.20038,0.19032,0.19687,2417827.0,ELSA/USDT:USDT
2026-01-22 13:15:00,0.19687,0.19804,0.18993,0.19064,2954783.0,ELSA/USDT:USDT
2026-01-22 13:30:00,0.19064,0.19332,0.17358,0.18078,8928946.0,ELSA/USDT:USDT
2026-01-22 13:45:00,0.18078,0.18201,0.17003,0.17316,7354174.0,ELSA/USDT:USDT
2026-01-22 14:00:00,0.17316,0.17583,0.16547,0.17439,7287655.0,ELSA/USDT:USDT
2026-01-22 14:15:00,0.17439,0.17655,0.17158,0.17239,2749183.0,ELSA/USDT:USDT
2026-01-22 14:30:00,0.17239,0.17239,0.16695,0.16908,4083467.0,ELSA/USDT:USDT
2026-01-22 14:45:00,0.16908,0.17051,0.1602,0.1632,6589987.0,ELSA/USDT:USDT
2026-01-22 15:00:00,0.1632,0.1668,0.15757,0.16021,9296853.0,ELSA/USDT:USDT
2026-01-22 15:15:00,0.16021,0.163,0.15505,0.1606,4420912.0,ELSA/USDT:USDT
2026-01-22 15:30:00,0.1606,0.16396,0.15851,0.15984,3282915.0,ELSA/USDT:USDT
2026-01-22 15:45:00,0.15984,0.16446,0.15937,0.16108,6114507.0,ELSA/USDT:USDT
2026-01-22 16:00:00,0.16108,0.16751,0.16024,0.16508,5480468.0,ELSA/USDT:USDT
2026-01-22 16:15:00,0.16508,0.16559,0.15773,0.15984,6278214.0,ELSA/USDT:USDT
2026-01-22 16:30:00,0.15984,0.16329,0.15614,0.15882,5257772.0,ELSA/USDT:USDT
2026-01-22 16:45:00,0.15882,0.16062,0.15058,0.15349,5326947.0,ELSA/USDT:USDT
2026-01-22 17:00:00,0.15349,0.15674,0.1511,0.15301,3548695.0,ELSA/USDT:USDT
2026-01-22 17:15:00,0.15301,0.15415,0.14862,0.15288,4188150.0,ELSA/USDT:USDT
2026-01-22 17:30:00,0.15288,0.15575,0.15197,0.1541,2081617.0,ELSA/USDT:USDT
2026-01-22 17:45:00,0.1541,0.15845,0.1528,0.15508,2763006.0,ELSA/USDT:USDT
2026-01-22 18:00:00,0.15508,0.15971,0.1547,0.15829,3218279.0,ELSA/USDT:USDT
2026-01-22 18:15:00,0.15829,0.16127,0.15643,0.15914,2533224.0,ELSA/USDT:USDT
2026-01-22 18:30:00,0.15914,0.15922,0.15401,0.1568,3317781.0,ELSA/USDT:USDT
2026-01-22 18:45:00,0.1568,0.15816,0.15491,0.15753,1476672.0,ELSA/USDT:USDT
2026-01-22 19:00:00,0.15753,0.16051,0.15665,0.15862,1585515.0,ELSA/USDT:USDT
2026-01-22 19:15:00,0.15862,0.16024,0.15648,0.15945,1291239.0,ELSA/USDT:USDT
2026-01-22 19:30:00,0.15945,0.16231,0.15742,0.16173,1498550.0,ELSA/USDT:USDT
2026-01-22 19:45:00,0.16173,0.16528,0.15984,0.16474,2274143.0,ELSA/USDT:USDT
2026-01-22 20:00:00,0.16474,0.17017,0.16216,0.16815,4031781.0,ELSA/USDT:USDT
2026-01-22 20:15:00,0.16815,0.17016,0.16359,0.16744,3138528.0,ELSA/USDT:USDT
2026-01-22 20:30:00,0.16744,0.16872,0.16026,0.16476,3094203.0,ELSA/USDT:USDT
2026-01-22 20:45:00,0.16476,0.16763,0.16384,0.16546,2776414.0,ELSA/USDT:USDT
2026-01-22 21:00:00,0.16546,0.17376,0.16524,0.17232,3316441.0,ELSA/USDT:USDT
2026-01-22 21:15:00,0.17232,0.17872,0.17009,0.17446,7302120.0,ELSA/USDT:USDT
2026-01-22 21:30:00,0.17446,0.18,0.17231,0.17908,5476186.0,ELSA/USDT:USDT
2026-01-22 21:45:00,0.17908,0.18172,0.17352,0.17517,4144396.0,ELSA/USDT:USDT
2026-01-22 22:00:00,0.17517,0.17634,0.1675,0.16936,5247117.0,ELSA/USDT:USDT
2026-01-22 22:15:00,0.16936,0.17237,0.16818,0.16915,2394719.0,ELSA/USDT:USDT
2026-01-22 22:30:00,0.16915,0.17493,0.16881,0.1741,1753406.0,ELSA/USDT:USDT
2026-01-22 22:45:00,0.1741,0.17435,0.16907,0.1707,1474875.0,ELSA/USDT:USDT
2026-01-22 23:00:00,0.1707,0.174,0.17027,0.17069,1864133.0,ELSA/USDT:USDT
2026-01-22 23:15:00,0.17069,0.17379,0.16859,0.17161,2846233.0,ELSA/USDT:USDT
2026-01-22 23:30:00,0.17161,0.17668,0.17123,0.17385,2982673.0,ELSA/USDT:USDT
2026-01-22 23:45:00,0.17385,0.17587,0.17229,0.17324,2794945.0,ELSA/USDT:USDT
2026-01-23 00:00:00,0.17324,0.17624,0.1605,0.1625,9959956.0,ELSA/USDT:USDT
2026-01-23 00:15:00,0.1625,0.16682,0.15682,0.16041,7627745.0,ELSA/USDT:USDT
2026-01-23 00:30:00,0.16041,0.17388,0.15948,0.17028,8073270.0,ELSA/USDT:USDT
2026-01-23 00:45:00,0.17028,0.19309,0.16972,0.19186,13820572.0,ELSA/USDT:USDT
2026-01-23 01:00:00,0.19186,0.19426,0.17721,0.1806,9586286.0,ELSA/USDT:USDT
2026-01-23 01:15:00,0.1806,0.18781,0.17917,0.18109,3806412.0,ELSA/USDT:USDT
2026-01-23 01:30:00,0.18109,0.19267,0.17979,0.1906,4261485.0,ELSA/USDT:USDT
2026-01-23 01:45:00,0.1906,0.20452,0.18975,0.2025,6964258.0,ELSA/USDT:USDT
2026-01-23 02:00:00,0.2025,0.21398,0.19863,0.21187,9638286.0,ELSA/USDT:USDT
2026-01-23 02:15:00,0.21187,0.22014,0.20741,0.21373,11387420.0,ELSA/USDT:USDT
2026-01-23 02:30:00,0.21373,0.2208,0.20732,0.21427,6878046.0,ELSA/USDT:USDT
2026-01-23 02:45:00,0.21427,0.21929,0.20091,0.2049,9849750.0,ELSA/USDT:USDT
2026-01-23 03:00:00,0.2049,0.20879,0.19574,0.19724,8260921.0,ELSA/USDT:USDT
2026-01-23 03:15:00,0.19724,0.21872,0.19658,0.21424,7783410.0,ELSA/USDT:USDT
2026-01-23 03:30:00,0.21424,0.21768,0.20662,0.2106,5026451.0,ELSA/USDT:USDT
2026-01-23 03:45:00,0.2106,0.21473,0.20615,0.21242,3787007.0,ELSA/USDT:USDT
2026-01-23 04:00:00,0.21242,0.217,0.20835,0.21617,4058570.0,ELSA/USDT:USDT
2026-01-23 04:15:00,0.21617,0.22047,0.2118,0.21828,4968955.0,ELSA/USDT:USDT
2026-01-23 04:30:00,0.21828,0.22358,0.21614,0.21622,3555817.0,ELSA/USDT:USDT
2026-01-23 04:45:00,0.21622,0.21908,0.21368,0.21526,2390620.0,ELSA/USDT:USDT
2026-01-23 05:00:00,0.21526,0.21897,0.20759,0.21029,4405113.0,ELSA/USDT:USDT
2026-01-23 05:15:00,0.21029,0.21074,0.20352,0.2074,4964051.0,ELSA/USDT:USDT
2026-01-23 05:30:00,0.2074,0.21107,0.20346,0.2035,3893504.0,ELSA/USDT:USDT
2026-01-23 05:45:00,0.2035,0.2065,0.19593,0.19686,5641221.0,ELSA/USDT:USDT
2026-01-23 06:00:00,0.19686,0.20378,0.19235,0.20378,5584543.0,ELSA/USDT:USDT
2026-01-23 06:15:00,0.20378,0.2039,0.19659,0.19942,3070919.0,ELSA/USDT:USDT
2026-01-23 06:30:00,0.19942,0.2042,0.19707,0.20253,3239458.0,ELSA/USDT:USDT
2026-01-23 06:45:00,0.20253,0.20944,0.20146,0.20214,4372839.0,ELSA/USDT:USDT
2026-01-23 07:00:00,0.20214,0.20516,0.19851,0.20459,2819050.0,ELSA/USDT:USDT
2026-01-23 07:15:00,0.20459,0.20599,0.20056,0.20302,1499448.0,ELSA/USDT:USDT
2026-01-23 07:30:00,0.20302,0.20679,0.20148,0.2017,2176654.0,ELSA/USDT:USDT
2026-01-23 07:45:00,0.2017,0.20275,0.19697,0.20139,2776996.0,ELSA/USDT:USDT
2026-01-23 08:00:00,0.20139,0.20218,0.19802,0.19903,2941593.0,ELSA/USDT:USDT
2026-01-23 08:15:00,0.19903,0.20086,0.18551,0.18631,6980208.0,ELSA/USDT:USDT
2026-01-23 08:30:00,0.18631,0.19,0.18251,0.18422,5378660.0,ELSA/USDT:USDT
2026-01-23 08:45:00,0.18422,0.18507,0.18024,0.1842,8101119.0,ELSA/USDT:USDT
2026-01-23 09:00:00,0.1842,0.1886,0.17857,0.18318,5880622.0,ELSA/USDT:USDT
2026-01-23 09:15:00,0.18318,0.1867,0.17928,0.18408,3506120.0,ELSA/USDT:USDT
2026-01-23 09:30:00,0.18408,0.18535,0.18123,0.184,2239084.0,ELSA/USDT:USDT
2026-01-23 09:45:00,0.184,0.18786,0.18376,0.18586,2514134.0,ELSA/USDT:USDT
2026-01-23 10:00:00,0.18586,0.18704,0.18282,0.18621,1895476.0,ELSA/USDT:USDT
2026-01-23 10:15:00,0.18621,0.19495,0.18595,0.19276,4796675.0,ELSA/USDT:USDT
2026-01-23 10:30:00,0.19276,0.19358,0.18938,0.18981,2510812.0,ELSA/USDT:USDT
2026-01-23 10:45:00,0.18981,0.19492,0.18281,0.18595,6382453.0,ELSA/USDT:USDT
2026-01-23 11:00:00,0.18595,0.18818,0.18329,0.18783,3967380.0,ELSA/USDT:USDT
2026-01-23 11:15:00,0.18783,0.18871,0.18181,0.18489,4123402.0,ELSA/USDT:USDT
2026-01-23 11:30:00,0.18489,0.18839,0.18478,0.18732,3039503.0,ELSA/USDT:USDT
2026-01-23 11:45:00,0.18732,0.19033,0.18445,0.18815,3017457.0,ELSA/USDT:USDT
2026-01-23 12:00:00,0.18815,0.1889,0.18024,0.1809,2623211.0,ELSA/USDT:USDT
2026-01-23 12:15:00,0.1809,0.18285,0.17848,0.17989,2369367.0,ELSA/USDT:USDT
2026-01-23 12:30:00,0.17989,0.18023,0.1748,0.17672,4520160.0,ELSA/USDT:USDT
2026-01-23 12:45:00,0.17672,0.17743,0.17209,0.17327,3268258.0,ELSA/USDT:USDT
2026-01-23 13:00:00,0.17327,0.17543,0.17215,0.17487,2519720.0,ELSA/USDT:USDT
2026-01-23 13:15:00,0.17487,0.17544,0.17291,0.17327,1829550.0,ELSA/USDT:USDT
2026-01-23 13:30:00,0.17327,0.17766,0.17255,0.17599,2037552.0,ELSA/USDT:USDT
2026-01-23 13:45:00,0.17599,0.1768,0.17317,0.17317,1206808.0,ELSA/USDT:USDT
2026-01-23 14:00:00,0.17317,0.17348,0.16923,0.1734,3291359.0,ELSA/USDT:USDT
2026-01-23 14:15:00,0.1734,0.17587,0.17323,0.17339,1412327.0,ELSA/USDT:USDT
2026-01-23 14:30:00,0.17339,0.17678,0.1716,0.17407,2249142.0,ELSA/USDT:USDT
2026-01-23 14:45:00,0.17407,0.17668,0.17348,0.1757,2707364.0,ELSA/USDT:USDT
2026-01-23 15:00:00,0.1757,0.1821,0.17473,0.17985,4873958.0,ELSA/USDT:USDT
2026-01-23 15:15:00,0.17985,0.18237,0.17743,0.18131,3132735.0,ELSA/USDT:USDT
2026-01-23 15:30:00,0.18131,0.18132,0.17691,0.17801,1967614.0,ELSA/USDT:USDT
2026-01-23 15:45:00,0.17801,0.18028,0.17329,0.17697,3581163.0,ELSA/USDT:USDT
2026-01-23 16:00:00,0.17697,0.17788,0.1737,0.17533,1907222.0,ELSA/USDT:USDT
2026-01-23 16:15:00,0.17533,0.17602,0.17338,0.17376,1932247.0,ELSA/USDT:USDT
2026-01-23 16:30:00,0.17376,0.17432,0.17022,0.17374,2584947.0,ELSA/USDT:USDT
2026-01-23 16:45:00,0.17374,0.17938,0.17352,0.17756,3173832.0,ELSA/USDT:USDT
2026-01-23 17:00:00,0.17756,0.18107,0.17752,0.17922,2070260.0,ELSA/USDT:USDT
2026-01-23 17:15:00,0.17922,0.18047,0.176,0.17696,1554303.0,ELSA/USDT:USDT
2026-01-23 17:30:00,0.17696,0.18138,0.17527,0.1808,2022462.0,ELSA/USDT:USDT
2026-01-23 17:45:00,0.1808,0.18091,0.17649,0.17758,1867135.0,ELSA/USDT:USDT
2026-01-23 18:00:00,0.17758,0.1785,0.17487,0.17622,1638333.0,ELSA/USDT:USDT
2026-01-23 18:15:00,0.17622,0.17719,0.17357,0.17559,1919622.0,ELSA/USDT:USDT
2026-01-23 18:30:00,0.17559,0.17676,0.17447,0.17525,823523.0,ELSA/USDT:USDT
2026-01-23 18:45:00,0.17525,0.17817,0.17505,0.17771,1130308.0,ELSA/USDT:USDT
2026-01-23 19:00:00,0.17771,0.17995,0.17658,0.17736,1580276.0,ELSA/USDT:USDT
2026-01-23 19:15:00,0.17736,0.17748,0.1727,0.17525,2889341.0,ELSA/USDT:USDT
2026-01-23 19:30:00,0.17525,0.17819,0.17469,0.17783,1537257.0,ELSA/USDT:USDT
2026-01-23 19:45:00,0.17783,0.17961,0.17762,0.17895,1320462.0,ELSA/USDT:USDT
2026-01-23 20:00:00,0.17895,0.18197,0.17842,0.18093,1079608.0,ELSA/USDT:USDT
2026-01-23 20:15:00,0.18093,0.18138,0.17786,0.17901,1290964.0,ELSA/USDT:USDT
2026-01-23 20:30:00,0.17901,0.17927,0.1738,0.17578,2324011.0,ELSA/USDT:USDT
2026-01-23 20:45:00,0.17578,0.17758,0.17431,0.17725,1540535.0,ELSA/USDT:USDT
2026-01-23 21:00:00,0.17725,0.17992,0.17689,0.17972,1843270.0,ELSA/USDT:USDT
2026-01-23 21:15:00,0.17972,0.18197,0.17586,0.17966,2404218.0,ELSA/USDT:USDT
2026-01-23 21:30:00,0.17966,0.18119,0.17568,0.17581,1501283.0,ELSA/USDT:USDT
2026-01-23 21:45:00,0.17581,0.17696,0.17392,0.17436,2713051.0,ELSA/USDT:USDT
2026-01-23 22:00:00,0.17436,0.17528,0.17221,0.17375,1830788.0,ELSA/USDT:USDT
2026-01-23 22:15:00,0.17375,0.17642,0.17375,0.17616,1017435.0,ELSA/USDT:USDT
2026-01-23 22:30:00,0.17616,0.17668,0.17442,0.17474,804047.0,ELSA/USDT:USDT
2026-01-23 22:45:00,0.17474,0.17485,0.17056,0.17259,1853342.0,ELSA/USDT:USDT
2026-01-23 23:00:00,0.17259,0.17508,0.17205,0.17422,2255797.0,ELSA/USDT:USDT
2026-01-23 23:15:00,0.17422,0.17479,0.17247,0.17346,1208307.0,ELSA/USDT:USDT
2026-01-23 23:30:00,0.17346,0.174,0.17187,0.1722,1143934.0,ELSA/USDT:USDT
2026-01-23 23:45:00,0.1722,0.1723,0.16547,0.1688,5510525.0,ELSA/USDT:USDT
2026-01-24 00:00:00,0.1688,0.18542,0.16662,0.18162,13258779.0,ELSA/USDT:USDT
2026-01-24 00:15:00,0.18162,0.18255,0.17034,0.17686,10940840.0,ELSA/USDT:USDT
2026-01-24 00:30:00,0.17686,0.17816,0.1721,0.1767,5619959.0,ELSA/USDT:USDT
2026-01-24 00:45:00,0.1767,0.18277,0.1739,0.1804,5351657.0,ELSA/USDT:USDT
2026-01-24 01:00:00,0.1804,0.18067,0.17258,0.1751,4546795.0,ELSA/USDT:USDT
2026-01-24 01:15:00,0.1751,0.17673,0.17379,0.17461,1912271.0,ELSA/USDT:USDT
2026-01-24 01:30:00,0.17461,0.17506,0.16962,0.17115,2632080.0,ELSA/USDT:USDT
2026-01-24 01:45:00,0.17115,0.17152,0.16798,0.17059,2266491.0,ELSA/USDT:USDT
2026-01-24 02:00:00,0.17059,0.17189,0.16974,0.16982,1863368.0,ELSA/USDT:USDT
2026-01-24 02:15:00,0.16982,0.16987,0.16452,0.16633,3525667.0,ELSA/USDT:USDT
2026-01-24 02:30:00,0.16633,0.1674,0.1627,0.16517,2796527.0,ELSA/USDT:USDT
2026-01-24 02:45:00,0.16517,0.16572,0.16175,0.16275,3496675.0,ELSA/USDT:USDT
2026-01-24 03:00:00,0.16275,0.16441,0.16153,0.16331,2933815.0,ELSA/USDT:USDT
2026-01-24 03:15:00,0.16331,0.16331,0.15547,0.15692,5495179.0,ELSA/USDT:USDT
2026-01-24 03:30:00,0.15692,0.15844,0.15444,0.1573,4430974.0,ELSA/USDT:USDT
2026-01-24 03:45:00,0.1573,0.15884,0.15527,0.15863,2379839.0,ELSA/USDT:USDT
2026-01-24 04:00:00,0.15863,0.16026,0.15716,0.15813,2181963.0,ELSA/USDT:USDT
2026-01-24 04:15:00,0.15813,0.15844,0.15692,0.15833,1962643.0,ELSA/USDT:USDT
2026-01-24 04:30:00,0.15833,0.16107,0.15828,0.15981,1889637.0,ELSA/USDT:USDT
2026-01-24 04:45:00,0.15981,0.16399,0.15937,0.16383,2594357.0,ELSA/USDT:USDT
2026-01-24 05:00:00,0.16383,0.16516,0.16046,0.16178,3285982.0,ELSA/USDT:USDT
2026-01-24 05:15:00,0.16178,0.16248,0.15998,0.16058,1048827.0,ELSA/USDT:USDT
2026-01-24 05:30:00,0.16058,0.1608,0.15628,0.15733,3837994.0,ELSA/USDT:USDT
2026-01-24 05:45:00,0.15733,0.15991,0.15705,0.15827,2107497.0,ELSA/USDT:USDT
2026-01-24 06:00:00,0.15827,0.15887,0.15664,0.15806,1810953.0,ELSA/USDT:USDT
2026-01-24 06:15:00,0.15806,0.15836,0.15652,0.15728,1150828.0,ELSA/USDT:USDT
2026-01-24 06:30:00,0.15728,0.15876,0.1572,0.15814,1070226.0,ELSA/USDT:USDT
2026-01-24 06:45:00,0.15814,0.15814,0.15641,0.15735,972703.0,ELSA/USDT:USDT
2026-01-24 07:00:00,0.15735,0.15808,0.15645,0.15719,1029483.0,ELSA/USDT:USDT
2026-01-24 07:15:00,0.15719,0.15974,0.15688,0.1592,1616338.0,ELSA/USDT:USDT
2026-01-24 07:30:00,0.1592,0.16009,0.15873,0.15917,1343711.0,ELSA/USDT:USDT
2026-01-24 07:45:00,0.15917,0.15953,0.15775,0.15893,1173298.0,ELSA/USDT:USDT
2026-01-24 08:00:00,0.15893,0.15948,0.15692,0.15871,1745083.0,ELSA/USDT:USDT
2026-01-24 08:15:00,0.15871,0.16011,0.15861,0.15966,1974032.0,ELSA/USDT:USDT
2026-01-24 08:30:00,0.15966,0.16143,0.15953,0.16074,1568546.0,ELSA/USDT:USDT
2026-01-24 08:45:00,0.16074,0.16092,0.15815,0.15839,1098368.0,ELSA/USDT:USDT
2026-01-24 09:00:00,0.15839,0.15854,0.15016,0.15282,8344416.0,ELSA/USDT:USDT
2026-01-24 09:15:00,0.15282,0.15312,0.15057,0.15244,2715641.0,ELSA/USDT:USDT
2026-01-24 09:30:00,0.15244,0.15245,0.15116,0.15153,1273166.0,ELSA/USDT:USDT
2026-01-24 09:45:00,0.15153,0.15212,0.148,0.15193,4411145.0,ELSA/USDT:USDT
2026-01-24 10:00:00,0.15193,0.15348,0.1514,0.15267,1618622.0,ELSA/USDT:USDT
2026-01-24 10:15:00,0.15267,0.15433,0.15175,0.15211,1477778.0,ELSA/USDT:USDT
2026-01-24 10:30:00,0.15211,0.15266,0.15113,0.15165,1695730.0,ELSA/USDT:USDT
2026-01-24 10:45:00,0.15165,0.15326,0.15125,0.15145,2049203.0,ELSA/USDT:USDT
2026-01-24 11:00:00,0.15145,0.15219,0.15019,0.15064,1632648.0,ELSA/USDT:USDT
2026-01-24 11:15:00,0.15064,0.15132,0.14596,0.1496,5868415.0,ELSA/USDT:USDT
2026-01-24 11:30:00,0.1496,0.1518,0.14876,0.14954,3591398.0,ELSA/USDT:USDT
2026-01-24 11:45:00,0.14954,0.1502,0.14893,0.1495,1763265.0,ELSA/USDT:USDT
2026-01-24 12:00:00,0.1495,0.15019,0.14851,0.14902,2086666.0,ELSA/USDT:USDT
2026-01-24 12:15:00,0.14902,0.14964,0.14683,0.14797,3230428.0,ELSA/USDT:USDT
2026-01-24 12:30:00,0.14797,0.14853,0.14666,0.14736,2018575.0,ELSA/USDT:USDT
2026-01-24 12:45:00,0.14736,0.14805,0.14658,0.14782,2332467.0,ELSA/USDT:USDT
2026-01-24 13:00:00,0.14782,0.14875,0.14676,0.14777,1585493.0,ELSA/USDT:USDT
2026-01-24 13:15:00,0.14777,0.14865,0.14665,0.14702,1712552.0,ELSA/USDT:USDT
2026-01-24 13:30:00,0.14702,0.14872,0.14669,0.14774,2416385.0,ELSA/USDT:USDT
2026-01-24 13:45:00,0.14774,0.14887,0.14584,0.14689,2660423.0,ELSA/USDT:USDT
2026-01-24 14:00:00,0.14689,0.1476,0.14375,0.14456,6125619.0,ELSA/USDT:USDT
2026-01-24 14:15:00,0.14456,0.14585,0.14456,0.1454,1598980.0,ELSA/USDT:USDT
2026-01-24 14:30:00,0.1454,0.14677,0.14501,0.14648,1037732.0,ELSA/USDT:USDT
2026-01-24 14:45:00,0.14648,0.14774,0.14571,0.14745,1687454.0,ELSA/USDT:USDT
2026-01-24 15:00:00,0.14745,0.15265,0.14702,0.15108,4813854.0,ELSA/USDT:USDT
2026-01-24 15:15:00,0.15108,0.15231,0.14801,0.1486,3035497.0,ELSA/USDT:USDT
2026-01-24 15:30:00,0.1486,0.14908,0.14702,0.1475,1993847.0,ELSA/USDT:USDT
2026-01-24 15:45:00,0.1475,0.14817,0.14568,0.14658,1473555.0,ELSA/USDT:USDT
2026-01-24 16:00:00,0.14658,0.14715,0.14532,0.14599,1214998.0,ELSA/USDT:USDT
2026-01-24 16:15:00,0.14599,0.14779,0.14564,0.1475,1247532.0,ELSA/USDT:USDT
2026-01-24 16:30:00,0.1475,0.14964,0.14738,0.14815,1999454.0,ELSA/USDT:USDT
2026-01-24 16:45:00,0.14815,0.15044,0.14789,0.15014,1207816.0,ELSA/USDT:USDT
2026-01-24 17:00:00,0.15014,0.15027,0.14848,0.14952,1463745.0,ELSA/USDT:USDT
2026-01-24 17:15:00,0.14952,0.15091,0.149,0.15022,1039696.0,ELSA/USDT:USDT
2026-01-24 17:30:00,0.15022,0.15113,0.14963,0.14995,749167.0,ELSA/USDT:USDT
2026-01-24 17:45:00,0.14995,0.15027,0.1491,0.14949,458075.0,ELSA/USDT:USDT
2026-01-24 18:00:00,0.14949,0.1499,0.14842,0.14887,861668.0,ELSA/USDT:USDT
2026-01-24 18:15:00,0.14887,0.14957,0.1481,0.14949,475825.0,ELSA/USDT:USDT
2026-01-24 18:30:00,0.14949,0.14968,0.14814,0.14848,538315.0,ELSA/USDT:USDT
2026-01-24 18:45:00,0.14848,0.15008,0.14813,0.15003,900855.0,ELSA/USDT:USDT
2026-01-24 19:00:00,0.15003,0.15111,0.14965,0.15093,1101089.0,ELSA/USDT:USDT
2026-01-24 19:15:00,0.15093,0.15172,0.15021,0.1504,1245616.0,ELSA/USDT:USDT
2026-01-24 19:30:00,0.1504,0.1505,0.14934,0.15028,694829.0,ELSA/USDT:USDT
2026-01-24 19:45:00,0.15028,0.15044,0.14972,0.15004,525065.0,ELSA/USDT:USDT
2026-01-24 20:00:00,0.15004,0.15206,0.15003,0.15127,692378.0,ELSA/USDT:USDT
2026-01-24 20:15:00,0.15127,0.15183,0.15048,0.15068,938986.0,ELSA/USDT:USDT
2026-01-24 20:30:00,0.15068,0.15089,0.14962,0.15031,781444.0,ELSA/USDT:USDT
2026-01-24 20:45:00,0.15031,0.1522,0.15005,0.15149,931547.0,ELSA/USDT:USDT
2026-01-24 21:00:00,0.15149,0.15254,0.15129,0.15227,777018.0,ELSA/USDT:USDT
2026-01-24 21:15:00,0.15227,0.15227,0.15027,0.15032,710195.0,ELSA/USDT:USDT
2026-01-24 21:30:00,0.15032,0.1508,0.14871,0.14907,1440202.0,ELSA/USDT:USDT
2026-01-24 21:45:00,0.14907,0.14956,0.14868,0.14945,383688.0,ELSA/USDT:USDT
2026-01-24 22:00:00,0.14945,0.14982,0.14857,0.1495,755338.0,ELSA/USDT:USDT
2026-01-24 22:15:00,0.1495,0.15048,0.1488,0.15016,597441.0,ELSA/USDT:USDT
2026-01-24 22:30:00,0.15016,0.15062,0.14927,0.14983,666975.0,ELSA/USDT:USDT
2026-01-24 22:45:00,0.14983,0.1499,0.14876,0.14945,389118.0,ELSA/USDT:USDT
2026-01-24 23:00:00,0.14945,0.14972,0.14561,0.1466,2973278.0,ELSA/USDT:USDT
2026-01-24 23:15:00,0.1466,0.14748,0.14599,0.14645,1350715.0,ELSA/USDT:USDT
2026-01-24 23:30:00,0.14645,0.14696,0.14544,0.14652,912740.0,ELSA/USDT:USDT
2026-01-24 23:45:00,0.14652,0.14766,0.14644,0.14759,962418.0,ELSA/USDT:USDT
2026-01-25 00:00:00,0.14759,0.1476,0.13293,0.13492,14331497.0,ELSA/USDT:USDT
2026-01-25 00:15:00,0.13492,0.13615,0.13327,0.13442,4657003.0,ELSA/USDT:USDT
2026-01-25 00:30:00,0.13442,0.13485,0.13263,0.13433,2996093.0,ELSA/USDT:USDT
2026-01-25 00:45:00,0.13433,0.13472,0.13251,0.13356,4693921.0,ELSA/USDT:USDT
2026-01-25 01:00:00,0.13356,0.13437,0.13071,0.13195,4387965.0,ELSA/USDT:USDT
2026-01-25 01:15:00,0.13195,0.13246,0.13001,0.13116,4285344.0,ELSA/USDT:USDT
2026-01-25 01:30:00,0.13116,0.13159,0.12827,0.12913,4167253.0,ELSA/USDT:USDT
2026-01-25 01:45:00,0.12913,0.12939,0.12741,0.12854,2528831.0,ELSA/USDT:USDT
2026-01-25 02:00:00,0.12854,0.12873,0.127,0.12772,2819648.0,ELSA/USDT:USDT
2026-01-25 02:15:00,0.12772,0.12911,0.12766,0.12865,2261919.0,ELSA/USDT:USDT
2026-01-25 02:30:00,0.12865,0.12916,0.12798,0.12857,1823956.0,ELSA/USDT:USDT
2026-01-25 02:45:00,0.12857,0.1307,0.12847,0.12953,2434307.0,ELSA/USDT:USDT
2026-01-25 03:00:00,0.12953,0.13141,0.1294,0.12982,1795551.0,ELSA/USDT:USDT
2026-01-25 03:15:00,0.12982,0.13004,0.12918,0.12993,1249687.0,ELSA/USDT:USDT
2026-01-25 03:30:00,0.12993,0.1304,0.12952,0.13004,1110102.0,ELSA/USDT:USDT
2026-01-25 03:45:00,0.13004,0.13023,0.1291,0.12968,733170.0,ELSA/USDT:USDT
2026-01-25 04:00:00,0.12968,0.1321,0.12934,0.13102,1855170.0,ELSA/USDT:USDT
2026-01-25 04:15:00,0.13102,0.13534,0.13088,0.13379,7438893.0,ELSA/USDT:USDT
2026-01-25 04:30:00,0.13379,0.13379,0.13208,0.13276,1478482.0,ELSA/USDT:USDT
2026-01-25 04:45:00,0.13276,0.13314,0.13188,0.13258,682527.0,ELSA/USDT:USDT
2026-01-25 05:00:00,0.13258,0.13426,0.13248,0.1338,1064922.0,ELSA/USDT:USDT
2026-01-25 05:15:00,0.1338,0.13623,0.13228,0.13317,4507940.0,ELSA/USDT:USDT
2026-01-25 05:30:00,0.13317,0.13352,0.13203,0.13203,1237461.0,ELSA/USDT:USDT
2026-01-25 05:45:00,0.13203,0.13203,0.13065,0.13123,1666885.0,ELSA/USDT:USDT
2026-01-25 06:00:00,0.13123,0.13139,0.12951,0.13109,1785454.0,ELSA/USDT:USDT
2026-01-25 06:15:00,0.13109,0.13185,0.13021,0.13111,1103168.0,ELSA/USDT:USDT
2026-01-25 06:30:00,0.13111,0.13117,0.1292,0.13008,1982090.0,ELSA/USDT:USDT
2026-01-25 06:45:00,0.13008,0.13084,0.12981,0.12994,668863.0,ELSA/USDT:USDT
2026-01-25 07:00:00,0.12994,0.13018,0.12862,0.12898,1240973.0,ELSA/USDT:USDT
2026-01-25 07:15:00,0.12898,0.13113,0.12871,0.13101,2300720.0,ELSA/USDT:USDT
2026-01-25 07:30:00,0.13101,0.13314,0.13058,0.13249,2280584.0,ELSA/USDT:USDT
2026-01-25 07:45:00,0.13249,0.13258,0.13059,0.13101,1582021.0,ELSA/USDT:USDT
2026-01-25 08:00:00,0.13101,0.13115,0.12918,0.12993,1928456.0,ELSA/USDT:USDT
2026-01-25 08:15:00,0.12993,0.13013,0.12898,0.12978,912623.0,ELSA/USDT:USDT
2026-01-25 08:30:00,0.12978,0.13073,0.12835,0.12956,3253296.0,ELSA/USDT:USDT
2026-01-25 08:45:00,0.12956,0.13071,0.12913,0.13021,2054589.0,ELSA/USDT:USDT
2026-01-25 09:00:00,0.13021,0.13091,0.12934,0.13039,1319428.0,ELSA/USDT:USDT
2026-01-25 09:15:00,0.13039,0.13076,0.12984,0.13032,1023017.0,ELSA/USDT:USDT
2026-01-25 09:30:00,0.13032,0.13111,0.12963,0.1308,1103112.0,ELSA/USDT:USDT
2026-01-25 09:45:00,0.1308,0.13155,0.1307,0.13108,1016668.0,ELSA/USDT:USDT
2026-01-25 10:00:00,0.13108,0.13177,0.13065,0.13097,755924.0,ELSA/USDT:USDT
2026-01-25 10:15:00,0.13097,0.13098,0.12934,0.12975,986414.0,ELSA/USDT:USDT
2026-01-25 10:30:00,0.12975,0.13021,0.12929,0.1299,1102113.0,ELSA/USDT:USDT
2026-01-25 10:45:00,0.1299,0.12992,0.12871,0.129,887863.0,ELSA/USDT:USDT
2026-01-25 11:00:00,0.129,0.12995,0.12734,0.1294,1793437.0,ELSA/USDT:USDT
2026-01-25 11:15:00,0.1294,0.12963,0.1286,0.12887,1137440.0,ELSA/USDT:USDT
2026-01-25 11:30:00,0.12887,0.13019,0.12856,0.12981,1632803.0,ELSA/USDT:USDT
2026-01-25 11:45:00,0.12981,0.13006,0.12915,0.12944,620807.0,ELSA/USDT:USDT
2026-01-25 12:00:00,0.12944,0.13063,0.12944,0.13035,876337.0,ELSA/USDT:USDT
2026-01-25 12:15:00,0.13035,0.13124,0.12881,0.12912,1396725.0,ELSA/USDT:USDT
2026-01-25 12:30:00,0.12912,0.12912,0.1235,0.12514,6908892.0,ELSA/USDT:USDT
2026-01-25 12:45:00,0.12514,0.12681,0.12461,0.12661,3613447.0,ELSA/USDT:USDT
2026-01-25 13:00:00,0.12661,0.12742,0.12648,0.12689,1331460.0,ELSA/USDT:USDT
2026-01-25 13:15:00,0.12689,0.12798,0.12618,0.12667,1447327.0,ELSA/USDT:USDT
2026-01-25 13:30:00,0.12667,0.12774,0.12583,0.12738,1729773.0,ELSA/USDT:USDT
2026-01-25 13:45:00,0.12738,0.128,0.12712,0.12715,730285.0,ELSA/USDT:USDT
2026-01-25 14:00:00,0.12715,0.12808,0.12713,0.12757,926738.0,ELSA/USDT:USDT
2026-01-25 14:15:00,0.12757,0.12921,0.12756,0.128,2167940.0,ELSA/USDT:USDT
2026-01-25 14:30:00,0.128,0.128,0.12536,0.12572,2738655.0,ELSA/USDT:USDT
2026-01-25 14:45:00,0.12572,0.12635,0.12267,0.12351,3106748.0,ELSA/USDT:USDT
2026-01-25 15:00:00,0.12351,0.12371,0.12119,0.12293,3694895.0,ELSA/USDT:USDT
2026-01-25 15:15:00,0.12293,0.124,0.12246,0.12329,1200152.0,ELSA/USDT:USDT
2026-01-25 15:30:00,0.12329,0.12351,0.12172,0.12198,1628802.0,ELSA/USDT:USDT
2026-01-25 15:45:00,0.12198,0.12359,0.1211,0.1234,1851478.0,ELSA/USDT:USDT
2026-01-25 16:00:00,0.1234,0.12352,0.11902,0.1202,3684402.0,ELSA/USDT:USDT
2026-01-25 16:15:00,0.1202,0.1211,0.11918,0.12005,2476149.0,ELSA/USDT:USDT
2026-01-25 16:30:00,0.12005,0.12107,0.11938,0.12062,1319401.0,ELSA/USDT:USDT
2026-01-25 16:45:00,0.12062,0.12133,0.12007,0.12039,1384262.0,ELSA/USDT:USDT
2026-01-25 17:00:00,0.12039,0.12113,0.11989,0.12044,1244141.0,ELSA/USDT:USDT
2026-01-25 17:15:00,0.12044,0.12069,0.11868,0.12037,2037604.0,ELSA/USDT:USDT
2026-01-25 17:30:00,0.12037,0.12164,0.12037,0.12119,1478947.0,ELSA/USDT:USDT
2026-01-25 17:45:00,0.12119,0.12129,0.11958,0.11965,1220554.0,ELSA/USDT:USDT
2026-01-25 18:00:00,0.11965,0.12011,0.11887,0.11989,1222852.0,ELSA/USDT:USDT
2026-01-25 18:15:00,0.11989,0.12,0.11772,0.1196,3085066.0,ELSA/USDT:USDT
2026-01-25 18:30:00,0.1196,0.12033,0.11877,0.1202,1257629.0,ELSA/USDT:USDT
2026-01-25 18:45:00,0.1202,0.12085,0.1197,0.12047,1437581.0,ELSA/USDT:USDT
2026-01-25 19:00:00,0.12047,0.12139,0.12004,0.12068,897600.0,ELSA/USDT:USDT
2026-01-25 19:15:00,0.12068,0.12099,0.1194,0.12025,2156395.0,ELSA/USDT:USDT
2026-01-25 19:30:00,0.12025,0.12059,0.119,0.11995,1431714.0,ELSA/USDT:USDT
2026-01-25 19:45:00,0.11995,0.11995,0.11657,0.1178,3122401.0,ELSA/USDT:USDT
2026-01-25 20:00:00,0.1178,0.1197,0.11775,0.11923,1891387.0,ELSA/USDT:USDT
2026-01-25 20:15:00,0.11923,0.12027,0.11856,0.12015,1945980.0,ELSA/USDT:USDT
2026-01-25 20:30:00,0.12015,0.12092,0.11957,0.12081,703070.0,ELSA/USDT:USDT
2026-01-25 20:45:00,0.12081,0.12275,0.12055,0.12256,1920983.0,ELSA/USDT:USDT
2026-01-25 21:00:00,0.12256,0.12336,0.1218,0.12197,2303196.0,ELSA/USDT:USDT
2026-01-25 21:15:00,0.12197,0.12291,0.12129,0.12143,1377311.0,ELSA/USDT:USDT
2026-01-25 21:30:00,0.12143,0.12228,0.12067,0.12156,1231710.0,ELSA/USDT:USDT
2026-01-25 21:45:00,0.12156,0.12244,0.12118,0.12139,606641.0,ELSA/USDT:USDT
2026-01-25 22:00:00,0.12139,0.12187,0.12045,0.12075,572187.0,ELSA/USDT:USDT
2026-01-25 22:15:00,0.12075,0.12079,0.11956,0.12075,936450.0,ELSA/USDT:USDT
2026-01-25 22:30:00,0.12075,0.12136,0.1196,0.12009,986947.0,ELSA/USDT:USDT
2026-01-25 22:45:00,0.12009,0.12042,0.11886,0.1204,945137.0,ELSA/USDT:USDT
2026-01-25 23:00:00,0.1204,0.12123,0.11996,0.12101,1130067.0,ELSA/USDT:USDT
2026-01-25 23:15:00,0.12101,0.12121,0.11908,0.11946,1129720.0,ELSA/USDT:USDT
2026-01-25 23:30:00,0.11946,0.12014,0.11931,0.11996,721625.0,ELSA/USDT:USDT
2026-01-25 23:45:00,0.11996,0.1216,0.11992,0.12156,1422228.0,ELSA/USDT:USDT
2026-01-26 00:00:00,0.12156,0.12165,0.11905,0.12072,2324493.0,ELSA/USDT:USDT
2026-01-26 00:15:00,0.12072,0.12342,0.12009,0.12013,2245809.0,ELSA/USDT:USDT
2026-01-26 00:30:00,0.12013,0.12055,0.11744,0.11807,2447140.0,ELSA/USDT:USDT
2026-01-26 00:45:00,0.11807,0.12013,0.11697,0.11873,4006538.0,ELSA/USDT:USDT
2026-01-26 01:00:00,0.11873,0.12184,0.11776,0.12168,2191739.0,ELSA/USDT:USDT
2026-01-26 01:15:00,0.12168,0.12298,0.12011,0.12023,1457680.0,ELSA/USDT:USDT
2026-01-26 01:30:00,0.12023,0.12077,0.11946,0.11998,1882931.0,ELSA/USDT:USDT
2026-01-26 01:45:00,0.11998,0.12155,0.11982,0.12131,730498.0,ELSA/USDT:USDT
2026-01-26 02:00:00,0.12131,0.12189,0.12038,0.12106,705732.0,ELSA/USDT:USDT
2026-01-26 02:15:00,0.12106,0.12106,0.12016,0.12095,361384.0,ELSA/USDT:USDT
2026-01-26 02:30:00,0.12095,0.12112,0.11964,0.11968,613560.0,ELSA/USDT:USDT
2026-01-26 02:45:00,0.11968,0.12036,0.11907,0.11931,895589.0,ELSA/USDT:USDT
2026-01-26 03:00:00,0.11931,0.12028,0.11837,0.11984,1870696.0,ELSA/USDT:USDT
2026-01-26 03:15:00,0.11984,0.11984,0.11775,0.11825,1129933.0,ELSA/USDT:USDT
2026-01-26 03:30:00,0.11825,0.11836,0.11451,0.11488,3537864.0,ELSA/USDT:USDT
2026-01-26 03:45:00,0.11488,0.11592,0.11441,0.11566,1607698.0,ELSA/USDT:USDT
2026-01-26 04:00:00,0.11566,0.11639,0.11382,0.11477,1698910.0,ELSA/USDT:USDT
2026-01-26 04:15:00,0.11477,0.1169,0.11464,0.11686,889637.0,ELSA/USDT:USDT
2026-01-26 04:30:00,0.11686,0.11785,0.11551,0.11606,958556.0,ELSA/USDT:USDT
2026-01-26 04:45:00,0.11606,0.11626,0.11436,0.11448,811132.0,ELSA/USDT:USDT
2026-01-26 05:00:00,0.11448,0.11475,0.11145,0.11278,3582218.0,ELSA/USDT:USDT
2026-01-26 05:15:00,0.11278,0.114,0.11277,0.11318,1211885.0,ELSA/USDT:USDT
2026-01-26 05:30:00,0.11318,0.1136,0.11259,0.11318,725589.0,ELSA/USDT:USDT
2026-01-26 05:45:00,0.11318,0.1134,0.1125,0.11318,809303.0,ELSA/USDT:USDT
2026-01-26 06:00:00,0.11318,0.11408,0.11208,0.11387,1240634.0,ELSA/USDT:USDT
2026-01-26 06:15:00,0.11387,0.11483,0.11352,0.11426,819537.0,ELSA/USDT:USDT
2026-01-26 06:30:00,0.11426,0.11614,0.11413,0.11536,2109410.0,ELSA/USDT:USDT
2026-01-26 06:45:00,0.11536,0.11549,0.10783,0.11216,8732203.0,ELSA/USDT:USDT
2026-01-26 07:00:00,0.11216,0.11225,0.11076,0.11139,2062026.0,ELSA/USDT:USDT
2026-01-26 07:15:00,0.11139,0.11184,0.10993,0.1111,2137253.0,ELSA/USDT:USDT
2026-01-26 07:30:00,0.1111,0.1111,0.10762,0.10817,3898248.0,ELSA/USDT:USDT
2026-01-26 07:45:00,0.10817,0.10939,0.10796,0.10867,2097086.0,ELSA/USDT:USDT
2026-01-26 08:00:00,0.10867,0.10904,0.10769,0.10836,1526659.0,ELSA/USDT:USDT
2026-01-26 08:15:00,0.10836,0.10942,0.10813,0.10915,1546362.0,ELSA/USDT:USDT
2026-01-26 08:30:00,0.10915,0.10962,0.10826,0.10914,1605793.0,ELSA/USDT:USDT
2026-01-26 08:45:00,0.10914,0.11035,0.10893,0.10998,1369804.0,ELSA/USDT:USDT
2026-01-26 09:00:00,0.10998,0.11,0.10844,0.10903,941000.0,ELSA/USDT:USDT
2026-01-26 09:15:00,0.10903,0.11122,0.10833,0.11102,1355208.0,ELSA/USDT:USDT
2026-01-26 09:30:00,0.11102,0.11173,0.11028,0.11163,2316503.0,ELSA/USDT:USDT
2026-01-26 09:45:00,0.11163,0.11275,0.11131,0.11194,2489044.0,ELSA/USDT:USDT
2026-01-26 10:00:00,0.11194,0.11308,0.11114,0.11206,1494714.0,ELSA/USDT:USDT
2026-01-26 10:15:00,0.11206,0.11305,0.1114,0.11254,1349729.0,ELSA/USDT:USDT
2026-01-26 10:30:00,0.11254,0.11271,0.11163,0.11217,1177179.0,ELSA/USDT:USDT
2026-01-26 10:45:00,0.11217,0.11238,0.11143,0.11166,1700297.0,ELSA/USDT:USDT
2026-01-26 11:00:00,0.11166,0.1123,0.11093,0.11193,1608263.0,ELSA/USDT:USDT
2026-01-26 11:15:00,0.11193,0.11287,0.11193,0.11238,1397976.0,ELSA/USDT:USDT
2026-01-26 11:30:00,0.11238,0.11241,0.11152,0.11226,1037499.0,ELSA/USDT:USDT
2026-01-26 11:45:00,0.11226,0.11275,0.1119,0.11223,883678.0,ELSA/USDT:USDT
2026-01-26 12:00:00,0.11223,0.11395,0.11213,0.11327,1572556.0,ELSA/USDT:USDT
2026-01-26 12:15:00,0.11327,0.11364,0.11246,0.11272,1269239.0,ELSA/USDT:USDT
2026-01-26 12:30:00,0.11272,0.1129,0.11164,0.11209,1199325.0,ELSA/USDT:USDT
2026-01-26 12:45:00,0.11209,0.1128,0.11209,0.11232,743024.0,ELSA/USDT:USDT
2026-01-26 13:00:00,0.11232,0.11232,0.11085,0.11129,1514075.0,ELSA/USDT:USDT
2026-01-26 13:15:00,0.11129,0.1125,0.11126,0.11171,1627336.0,ELSA/USDT:USDT
2026-01-26 13:30:00,0.11171,0.11234,0.1114,0.11191,831353.0,ELSA/USDT:USDT
2026-01-26 13:45:00,0.11191,0.11191,0.10972,0.11026,1406363.0,ELSA/USDT:USDT
2026-01-26 14:00:00,0.11026,0.11117,0.11013,0.11098,996500.0,ELSA/USDT:USDT
2026-01-26 14:15:00,0.11098,0.11111,0.10978,0.11052,1297502.0,ELSA/USDT:USDT
2026-01-26 14:30:00,0.11052,0.11184,0.1104,0.11118,1677171.0,ELSA/USDT:USDT
2026-01-26 14:45:00,0.11118,0.11146,0.11029,0.11115,909383.0,ELSA/USDT:USDT
2026-01-26 15:00:00,0.11115,0.11278,0.11098,0.11275,1371070.0,ELSA/USDT:USDT
2026-01-26 15:15:00,0.11275,0.11336,0.11246,0.11312,1489606.0,ELSA/USDT:USDT
2026-01-26 15:30:00,0.11312,0.11364,0.11227,0.1125,1202579.0,ELSA/USDT:USDT
2026-01-26 15:45:00,0.1125,0.11366,0.11236,0.11287,866772.0,ELSA/USDT:USDT
2026-01-26 16:00:00,0.11287,0.11313,0.11137,0.1117,1176566.0,ELSA/USDT:USDT
2026-01-26 16:15:00,0.1117,0.11227,0.111,0.11159,1116361.0,ELSA/USDT:USDT
2026-01-26 16:30:00,0.11159,0.11441,0.11159,0.11408,984026.0,ELSA/USDT:USDT
2026-01-26 16:45:00,0.11408,0.11529,0.11395,0.11453,1309184.0,ELSA/USDT:USDT
2026-01-26 17:00:00,0.11453,0.11474,0.11359,0.11371,763826.0,ELSA/USDT:USDT
2026-01-26 17:15:00,0.11371,0.11401,0.11297,0.11341,571773.0,ELSA/USDT:USDT
2026-01-26 17:30:00,0.11341,0.11374,0.112,0.11253,1426687.0,ELSA/USDT:USDT
2026-01-26 17:45:00,0.11253,0.11298,0.11235,0.11257,481047.0,ELSA/USDT:USDT
2026-01-26 18:00:00,0.11257,0.11323,0.11241,0.11321,895691.0,ELSA/USDT:USDT
2026-01-26 18:15:00,0.11321,0.11372,0.11288,0.11359,799137.0,ELSA/USDT:USDT
2026-01-26 18:30:00,0.11359,0.11451,0.11346,0.1137,483632.0,ELSA/USDT:USDT
2026-01-26 18:45:00,0.1137,0.1144,0.11363,0.11389,585653.0,ELSA/USDT:USDT
2026-01-26 19:00:00,0.11389,0.11458,0.11383,0.11422,401879.0,ELSA/USDT:USDT
2026-01-26 19:15:00,0.11422,0.11527,0.11406,0.11506,798734.0,ELSA/USDT:USDT
2026-01-26 19:30:00,0.11506,0.116,0.1149,0.11599,987633.0,ELSA/USDT:USDT
2026-01-26 19:45:00,0.11599,0.1174,0.11576,0.11663,2044761.0,ELSA/USDT:USDT
2026-01-26 20:00:00,0.11663,0.11678,0.11503,0.11523,1335495.0,ELSA/USDT:USDT
2026-01-26 20:15:00,0.11523,0.11542,0.11384,0.11423,1154440.0,ELSA/USDT:USDT
2026-01-26 20:30:00,0.11423,0.11493,0.11397,0.1142,473924.0,ELSA/USDT:USDT
2026-01-26 20:45:00,0.1142,0.11432,0.11358,0.11411,806208.0,ELSA/USDT:USDT
2026-01-26 21:00:00,0.11411,0.11437,0.11291,0.11437,957570.0,ELSA/USDT:USDT
2026-01-26 21:15:00,0.11437,0.11676,0.11435,0.11651,1347323.0,ELSA/USDT:USDT
2026-01-26 21:30:00,0.11651,0.11654,0.1152,0.11559,639406.0,ELSA/USDT:USDT
2026-01-26 21:45:00,0.11559,0.11616,0.11521,0.11605,1699031.0,ELSA/USDT:USDT
2026-01-26 22:00:00,0.11605,0.11614,0.11533,0.11608,845268.0,ELSA/USDT:USDT
2026-01-26 22:15:00,0.11608,0.11611,0.11491,0.11542,655857.0,ELSA/USDT:USDT
2026-01-26 22:30:00,0.11542,0.11553,0.11432,0.11464,829461.0,ELSA/USDT:USDT
2026-01-26 22:45:00,0.11464,0.11499,0.11451,0.11497,492900.0,ELSA/USDT:USDT
2026-01-26 23:00:00,0.11497,0.11505,0.11406,0.11478,1752527.0,ELSA/USDT:USDT
2026-01-26 23:15:00,0.11478,0.11481,0.11403,0.11417,732239.0,ELSA/USDT:USDT
2026-01-26 23:30:00,0.11417,0.11482,0.11411,0.11464,487027.0,ELSA/USDT:USDT
2026-01-26 23:45:00,0.11464,0.11513,0.11407,0.11482,1200327.0,ELSA/USDT:USDT
2026-01-27 00:00:00,0.11482,0.11483,0.11022,0.11097,3793377.0,ELSA/USDT:USDT
2026-01-27 00:15:00,0.11097,0.1129,0.10985,0.11283,1780203.0,ELSA/USDT:USDT
2026-01-27 00:30:00,0.11283,0.1144,0.11217,0.11434,1172282.0,ELSA/USDT:USDT
2026-01-27 00:45:00,0.11434,0.12287,0.11354,0.12131,9278110.0,ELSA/USDT:USDT
2026-01-27 01:00:00,0.12131,0.13625,0.12042,0.13019,21195239.0,ELSA/USDT:USDT
2026-01-27 01:15:00,0.13019,0.13723,0.12869,0.13335,9625288.0,ELSA/USDT:USDT
2026-01-27 01:30:00,0.13335,0.13373,0.128,0.13256,6452941.0,ELSA/USDT:USDT
2026-01-27 01:45:00,0.13256,0.13633,0.131,0.13339,9279871.0,ELSA/USDT:USDT
2026-01-27 02:00:00,0.13339,0.13476,0.12947,0.13019,5694560.0,ELSA/USDT:USDT
2026-01-27 02:15:00,0.13019,0.13156,0.12689,0.12846,4596162.0,ELSA/USDT:USDT
2026-01-27 02:30:00,0.12846,0.12948,0.12547,0.1265,3207092.0,ELSA/USDT:USDT
2026-01-27 02:45:00,0.1265,0.127,0.12246,0.12364,5029459.0,ELSA/USDT:USDT
2026-01-27 03:00:00,0.12364,0.12502,0.12241,0.12291,3743838.0,ELSA/USDT:USDT
2026-01-27 03:15:00,0.12291,0.12696,0.12222,0.12443,6355174.0,ELSA/USDT:USDT
2026-01-27 03:30:00,0.12443,0.12458,0.12032,0.12137,5840113.0,ELSA/USDT:USDT
2026-01-27 03:45:00,0.12137,0.12208,0.11913,0.1203,3667394.0,ELSA/USDT:USDT
2026-01-27 04:00:00,0.1203,0.1203,0.11774,0.11864,3197488.0,ELSA/USDT:USDT
2026-01-27 04:15:00,0.11864,0.11897,0.11694,0.1174,2724233.0,ELSA/USDT:USDT
2026-01-27 04:30:00,0.1174,0.11908,0.11736,0.11904,1693886.0,ELSA/USDT:USDT
2026-01-27 04:45:00,0.11904,0.11947,0.11853,0.11909,2591643.0,ELSA/USDT:USDT
2026-01-27 05:00:00,0.11909,0.12,0.11872,0.11947,2266472.0,ELSA/USDT:USDT
2026-01-27 05:15:00,0.11947,0.11981,0.1188,0.11907,1674707.0,ELSA/USDT:USDT
2026-01-27 05:30:00,0.11907,0.11948,0.11805,0.11915,1554085.0,ELSA/USDT:USDT
2026-01-27 05:45:00,0.11915,0.11953,0.11847,0.11878,1789177.0,ELSA/USDT:USDT
2026-01-27 06:00:00,0.11878,0.11914,0.11771,0.11771,2354306.0,ELSA/USDT:USDT
2026-01-27 06:15:00,0.11771,0.11948,0.11768,0.11933,1377611.0,ELSA/USDT:USDT
2026-01-27 06:30:00,0.11933,0.12231,0.11848,0.12009,3244455.0,ELSA/USDT:USDT
2026-01-27 06:45:00,0.12009,0.12172,0.11989,0.12101,2428399.0,ELSA/USDT:USDT
2026-01-27 07:00:00,0.12101,0.12188,0.12054,0.12148,2214953.0,ELSA/USDT:USDT
2026-01-27 07:15:00,0.12148,0.12307,0.12011,0.12194,2453486.0,ELSA/USDT:USDT
2026-01-27 07:30:00,0.12194,0.12311,0.12152,0.12211,1616560.0,ELSA/USDT:USDT
2026-01-27 07:45:00,0.12211,0.12226,0.1201,0.1205,2092725.0,ELSA/USDT:USDT
2026-01-27 08:00:00,0.1205,0.12205,0.1196,0.1208,1273928.0,ELSA/USDT:USDT
2026-01-27 08:15:00,0.1208,0.12144,0.12065,0.12089,1051421.0,ELSA/USDT:USDT
2026-01-27 08:30:00,0.12089,0.12191,0.11985,0.12078,1287076.0,ELSA/USDT:USDT
2026-01-27 08:45:00,0.12078,0.12083,0.11873,0.11917,1293418.0,ELSA/USDT:USDT
2026-01-27 09:00:00,0.11917,0.1193,0.11728,0.11786,2757991.0,ELSA/USDT:USDT
2026-01-27 09:15:00,0.11786,0.11837,0.11556,0.11673,3160814.0,ELSA/USDT:USDT
2026-01-27 09:30:00,0.11673,0.11738,0.11575,0.11726,1625688.0,ELSA/USDT:USDT
2026-01-27 09:45:00,0.11726,0.11744,0.11583,0.11694,1856280.0,ELSA/USDT:USDT
2026-01-27 10:00:00,0.11694,0.11732,0.116,0.11647,908575.0,ELSA/USDT:USDT
2026-01-27 10:15:00,0.11647,0.11742,0.11587,0.11731,629325.0,ELSA/USDT:USDT
2026-01-27 10:30:00,0.11731,0.11797,0.1171,0.11738,920840.0,ELSA/USDT:USDT
2026-01-27 10:45:00,0.11738,0.11814,0.11643,0.11717,1701488.0,ELSA/USDT:USDT
2026-01-27 11:00:00,0.11717,0.11744,0.11598,0.1164,2191272.0,ELSA/USDT:USDT
2026-01-27 11:15:00,0.1164,0.11642,0.11563,0.11596,887148.0,ELSA/USDT:USDT
2026-01-27 11:30:00,0.11596,0.11658,0.11589,0.11644,877905.0,ELSA/USDT:USDT
2026-01-27 11:45:00,0.11644,0.11733,0.11612,0.1172,832641.0,ELSA/USDT:USDT
2026-01-27 12:00:00,0.1172,0.11762,0.11651,0.11668,891991.0,ELSA/USDT:USDT
2026-01-27 12:15:00,0.11668,0.1168,0.1158,0.11614,819021.0,ELSA/USDT:USDT
2026-01-27 12:30:00,0.11614,0.11636,0.11316,0.11474,3591961.0,ELSA/USDT:USDT
2026-01-27 12:45:00,0.11474,0.11501,0.11367,0.11413,2317339.0,ELSA/USDT:USDT
2026-01-27 13:00:00,0.11413,0.11416,0.11292,0.11312,1484604.0,ELSA/USDT:USDT
2026-01-27 13:15:00,0.11312,0.11386,0.11281,0.11384,914367.0,ELSA/USDT:USDT
2026-01-27 13:30:00,0.11384,0.11474,0.1133,0.11417,1052232.0,ELSA/USDT:USDT
2026-01-27 13:45:00,0.11417,0.1142,0.11297,0.11314,815610.0,ELSA/USDT:USDT
2026-01-27 14:00:00,0.11314,0.11421,0.11292,0.11383,1274665.0,ELSA/USDT:USDT
2026-01-27 14:15:00,0.11383,0.11466,0.1138,0.11438,723309.0,ELSA/USDT:USDT
2026-01-27 14:30:00,0.11438,0.11497,0.11343,0.114,882221.0,ELSA/USDT:USDT
2026-01-27 14:45:00,0.114,0.11431,0.11367,0.1138,564159.0,ELSA/USDT:USDT
2026-01-27 15:00:00,0.1138,0.11472,0.11361,0.11456,659933.0,ELSA/USDT:USDT
2026-01-27 15:15:00,0.11456,0.1148,0.11326,0.11332,849806.0,ELSA/USDT:USDT
2026-01-27 15:30:00,0.11332,0.11344,0.11246,0.11317,764773.0,ELSA/USDT:USDT
2026-01-27 15:45:00,0.11317,0.11481,0.11317,0.11464,724828.0,ELSA/USDT:USDT
2026-01-27 16:00:00,0.11464,0.11626,0.11457,0.11593,1135457.0,ELSA/USDT:USDT
2026-01-27 16:15:00,0.11593,0.11685,0.11585,0.11622,907839.0,ELSA/USDT:USDT
2026-01-27 16:30:00,0.11622,0.11763,0.11613,0.11707,953510.0,ELSA/USDT:USDT
2026-01-27 16:45:00,0.11707,0.11766,0.11683,0.11724,464583.0,ELSA/USDT:USDT
2026-01-27 17:00:00,0.11724,0.11774,0.11585,0.11603,1249705.0,ELSA/USDT:USDT
2026-01-27 17:15:00,0.11603,0.11767,0.11566,0.11752,826696.0,ELSA/USDT:USDT
2026-01-27 17:30:00,0.11752,0.11827,0.11618,0.11666,950766.0,ELSA/USDT:USDT
2026-01-27 17:45:00,0.11666,0.11704,0.11638,0.11648,293081.0,ELSA/USDT:USDT
2026-01-27 18:00:00,0.11648,0.1168,0.11587,0.11653,423822.0,ELSA/USDT:USDT
2026-01-27 18:15:00,0.11653,0.11702,0.11634,0.11676,366811.0,ELSA/USDT:USDT
2026-01-27 18:30:00,0.11676,0.11719,0.11651,0.11668,525487.0,ELSA/USDT:USDT
2026-01-27 18:45:00,0.11668,0.11946,0.11661,0.11892,818625.0,ELSA/USDT:USDT
2026-01-27 19:00:00,0.11892,0.1198,0.11859,0.11926,735412.0,ELSA/USDT:USDT
2026-01-27 19:15:00,0.11926,0.12084,0.11858,0.11912,2413593.0,ELSA/USDT:USDT
2026-01-27 19:30:00,0.11912,0.11936,0.11836,0.11898,1196962.0,ELSA/USDT:USDT
2026-01-27 19:45:00,0.11898,0.11986,0.11863,0.11932,1033880.0,ELSA/USDT:USDT
2026-01-27 20:00:00,0.11932,0.11943,0.1181,0.11838,685687.0,ELSA/USDT:USDT
2026-01-27 20:15:00,0.11838,0.11871,0.11678,0.11864,1714315.0,ELSA/USDT:USDT
2026-01-27 20:30:00,0.11864,0.1188,0.1181,0.11832,1084952.0,ELSA/USDT:USDT
2026-01-27 20:45:00,0.11832,0.1189,0.11822,0.11883,523757.0,ELSA/USDT:USDT
2026-01-27 21:00:00,0.11883,0.11954,0.11881,0.11934,501764.0,ELSA/USDT:USDT
2026-01-27 21:15:00,0.11934,0.12,0.11908,0.11924,365059.0,ELSA/USDT:USDT
2026-01-27 21:30:00,0.11924,0.11955,0.11906,0.11941,258692.0,ELSA/USDT:USDT
2026-01-27 21:45:00,0.11941,0.11995,0.11897,0.11941,670633.0,ELSA/USDT:USDT
2026-01-27 22:00:00,0.11941,0.12013,0.11908,0.11931,488406.0,ELSA/USDT:USDT
2026-01-27 22:15:00,0.11931,0.11956,0.11851,0.11863,639617.0,ELSA/USDT:USDT
2026-01-27 22:30:00,0.11863,0.11973,0.11861,0.11945,472700.0,ELSA/USDT:USDT
2026-01-27 22:45:00,0.11945,0.11966,0.11884,0.11936,618307.0,ELSA/USDT:USDT
2026-01-27 23:00:00,0.11936,0.11971,0.11912,0.11933,882618.0,ELSA/USDT:USDT
2026-01-27 23:15:00,0.11933,0.12009,0.11871,0.11955,515760.0,ELSA/USDT:USDT
2026-01-27 23:30:00,0.11955,0.12035,0.11927,0.11963,399631.0,ELSA/USDT:USDT
2026-01-27 23:45:00,0.11963,0.12107,0.11931,0.11994,1101503.0,ELSA/USDT:USDT
2026-01-28 00:00:00,0.11994,0.1281,0.11765,0.11913,10363553.0,ELSA/USDT:USDT
2026-01-28 00:15:00,0.11913,0.12559,0.1184,0.12492,6391093.0,ELSA/USDT:USDT
2026-01-28 00:30:00,0.12492,0.1313,0.12406,0.12761,12923711.0,ELSA/USDT:USDT
2026-01-28 00:45:00,0.12761,0.13185,0.12616,0.12788,6373340.0,ELSA/USDT:USDT
2026-01-28 01:00:00,0.12788,0.1281,0.12467,0.12716,4297113.0,ELSA/USDT:USDT
2026-01-28 01:15:00,0.12716,0.12808,0.12251,0.12337,5137665.0,ELSA/USDT:USDT
2026-01-28 01:30:00,0.12337,0.12545,0.1232,0.12466,2612331.0,ELSA/USDT:USDT
2026-01-28 01:45:00,0.12466,0.12562,0.12429,0.12561,1130076.0,ELSA/USDT:USDT
2026-01-28 02:00:00,0.12561,0.1262,0.12314,0.12357,2521704.0,ELSA/USDT:USDT
2026-01-28 02:15:00,0.12357,0.12469,0.12262,0.12354,1449289.0,ELSA/USDT:USDT
2026-01-28 02:30:00,0.12354,0.12371,0.12246,0.12284,975549.0,ELSA/USDT:USDT
2026-01-28 02:45:00,0.12284,0.12461,0.1222,0.12367,1220690.0,ELSA/USDT:USDT
2026-01-28 03:00:00,0.12367,0.12429,0.12289,0.12325,1291869.0,ELSA/USDT:USDT
2026-01-28 03:15:00,0.12325,0.1252,0.12268,0.12475,957530.0,ELSA/USDT:USDT
2026-01-28 03:30:00,0.12475,0.12608,0.12432,0.12525,2383749.0,ELSA/USDT:USDT
2026-01-28 03:45:00,0.12525,0.12525,0.12273,0.12359,1632946.0,ELSA/USDT:USDT
2026-01-28 04:00:00,0.12359,0.12374,0.12133,0.12222,2578662.0,ELSA/USDT:USDT
2026-01-28 04:15:00,0.12222,0.12332,0.1213,0.1222,1428487.0,ELSA/USDT:USDT
2026-01-28 04:30:00,0.1222,0.12228,0.12063,0.12172,1982505.0,ELSA/USDT:USDT
2026-01-28 04:45:00,0.12172,0.12254,0.1214,0.12226,574916.0,ELSA/USDT:USDT
2026-01-28 05:00:00,0.12226,0.12254,0.11919,0.11997,1630777.0,ELSA/USDT:USDT
2026-01-28 05:15:00,0.11997,0.12049,0.11887,0.12029,2018466.0,ELSA/USDT:USDT
2026-01-28 05:30:00,0.12029,0.12072,0.11941,0.12066,1058401.0,ELSA/USDT:USDT
2026-01-28 05:45:00,0.12066,0.1208,0.11994,0.12005,771240.0,ELSA/USDT:USDT
2026-01-28 06:00:00,0.12005,0.12068,0.11952,0.11981,909797.0,ELSA/USDT:USDT
2026-01-28 06:15:00,0.11981,0.12051,0.11941,0.12011,588095.0,ELSA/USDT:USDT
2026-01-28 06:30:00,0.12011,0.12015,0.11825,0.11864,1341457.0,ELSA/USDT:USDT
2026-01-28 06:45:00,0.11864,0.12039,0.1182,0.12018,829639.0,ELSA/USDT:USDT
2026-01-28 07:00:00,0.12018,0.12231,0.12018,0.12184,1587765.0,ELSA/USDT:USDT
2026-01-28 07:15:00,0.12184,0.12212,0.12137,0.12186,1047769.0,ELSA/USDT:USDT
2026-01-28 07:30:00,0.12186,0.12331,0.12164,0.12275,1986981.0,ELSA/USDT:USDT
2026-01-28 07:45:00,0.12275,0.12295,0.12164,0.1219,684987.0,ELSA/USDT:USDT
2026-01-28 08:00:00,0.1219,0.12223,0.12097,0.12119,728581.0,ELSA/USDT:USDT
2026-01-28 08:15:00,0.12119,0.12166,0.12084,0.12118,452914.0,ELSA/USDT:USDT
2026-01-28 08:30:00,0.12118,0.12191,0.12117,0.12129,492416.0,ELSA/USDT:USDT
2026-01-28 08:45:00,0.12129,0.12164,0.12043,0.12078,393741.0,ELSA/USDT:USDT
2026-01-28 09:00:00,0.12078,0.12151,0.12068,0.12134,474611.0,ELSA/USDT:USDT
2026-01-28 09:15:00,0.12134,0.12151,0.12057,0.12085,572358.0,ELSA/USDT:USDT
2026-01-28 09:30:00,0.12085,0.12291,0.12062,0.12258,925613.0,ELSA/USDT:USDT
2026-01-28 09:45:00,0.12258,0.12326,0.12223,0.12267,563753.0,ELSA/USDT:USDT
2026-01-28 10:00:00,0.12267,0.12348,0.12229,0.12348,666342.0,ELSA/USDT:USDT
2026-01-28 10:15:00,0.12348,0.12501,0.12344,0.12372,1310146.0,ELSA/USDT:USDT
2026-01-28 10:30:00,0.12372,0.12438,0.12302,0.12305,897569.0,ELSA/USDT:USDT
2026-01-28 10:45:00,0.12305,0.12359,0.12236,0.12265,676321.0,ELSA/USDT:USDT
2026-01-28 11:00:00,0.12265,0.12347,0.1226,0.12347,679005.0,ELSA/USDT:USDT
2026-01-28 11:15:00,0.12347,0.12533,0.12343,0.12451,1886161.0,ELSA/USDT:USDT
2026-01-28 11:30:00,0.12451,0.12528,0.12369,0.12528,835426.0,ELSA/USDT:USDT
2026-01-28 11:45:00,0.12528,0.12645,0.12489,0.12541,1973318.0,ELSA/USDT:USDT
2026-01-28 12:00:00,0.12541,0.12564,0.1233,0.12437,1528961.0,ELSA/USDT:USDT
2026-01-28 12:15:00,0.12437,0.12845,0.12437,0.12845,1434185.0,ELSA/USDT:USDT
2026-01-28 12:30:00,0.12845,0.1289,0.12462,0.12526,2968000.0,ELSA/USDT:USDT
2026-01-28 12:45:00,0.12526,0.12549,0.12033,0.12088,5414182.0,ELSA/USDT:USDT
2026-01-28 13:00:00,0.12088,0.12153,0.12014,0.12068,2672843.0,ELSA/USDT:USDT
2026-01-28 13:15:00,0.12068,0.12095,0.11896,0.12092,2544170.0,ELSA/USDT:USDT
2026-01-28 13:30:00,0.12092,0.12157,0.12051,0.12147,1202571.0,ELSA/USDT:USDT
2026-01-28 13:45:00,0.12147,0.12203,0.12069,0.12102,2068802.0,ELSA/USDT:USDT
2026-01-28 14:00:00,0.12102,0.12166,0.11976,0.12005,1766955.0,ELSA/USDT:USDT
2026-01-28 14:15:00,0.12005,0.1204,0.11875,0.12028,1665295.0,ELSA/USDT:USDT
2026-01-28 14:30:00,0.12028,0.1215,0.12001,0.12139,1033287.0,ELSA/USDT:USDT
2026-01-28 14:45:00,0.12139,0.12203,0.12055,0.12058,1375900.0,ELSA/USDT:USDT
2026-01-28 15:00:00,0.12058,0.12168,0.12051,0.12127,815753.0,ELSA/USDT:USDT
2026-01-28 15:15:00,0.12127,0.12144,0.11944,0.11954,1051831.0,ELSA/USDT:USDT
2026-01-28 15:30:00,0.11954,0.1207,0.11941,0.1207,1125245.0,ELSA/USDT:USDT
2026-01-28 15:45:00,0.1207,0.12077,0.11978,0.11988,1396274.0,ELSA/USDT:USDT
2026-01-28 16:00:00,0.11988,0.12044,0.1192,0.11943,756347.0,ELSA/USDT:USDT
2026-01-28 16:15:00,0.11943,0.12296,0.1193,0.1217,2008825.0,ELSA/USDT:USDT
2026-01-28 16:30:00,0.1217,0.12179,0.12015,0.12037,953320.0,ELSA/USDT:USDT
2026-01-28 16:45:00,0.12037,0.12037,0.11943,0.11981,744176.0,ELSA/USDT:USDT
2026-01-28 17:00:00,0.11981,0.12163,0.11962,0.12093,1476441.0,ELSA/USDT:USDT
2026-01-28 17:15:00,0.12093,0.12219,0.12085,0.12154,567140.0,ELSA/USDT:USDT
2026-01-28 17:30:00,0.12154,0.12185,0.12093,0.12126,538343.0,ELSA/USDT:USDT
2026-01-28 17:45:00,0.12126,0.12223,0.12081,0.12155,946414.0,ELSA/USDT:USDT
2026-01-28 18:00:00,0.12155,0.12162,0.12019,0.12103,959423.0,ELSA/USDT:USDT
2026-01-28 18:15:00,0.12103,0.12203,0.12044,0.12072,501058.0,ELSA/USDT:USDT
2026-01-28 18:30:00,0.12072,0.12143,0.12037,0.12077,452697.0,ELSA/USDT:USDT
2026-01-28 18:45:00,0.12077,0.12175,0.12073,0.12144,809775.0,ELSA/USDT:USDT
2026-01-28 19:00:00,0.12144,0.12213,0.12135,0.12177,1386965.0,ELSA/USDT:USDT
2026-01-28 19:15:00,0.12177,0.12289,0.12172,0.12238,1336333.0,ELSA/USDT:USDT
2026-01-28 19:30:00,0.12238,0.12271,0.12161,0.12201,588365.0,ELSA/USDT:USDT
2026-01-28 19:45:00,0.12201,0.12284,0.12173,0.12177,1128611.0,ELSA/USDT:USDT
2026-01-28 20:00:00,0.12177,0.12177,0.12023,0.12074,1184435.0,ELSA/USDT:USDT
2026-01-28 20:15:00,0.12074,0.12207,0.1206,0.12188,314991.0,ELSA/USDT:USDT
2026-01-28 20:30:00,0.12188,0.12199,0.12116,0.12117,447256.0,ELSA/USDT:USDT
2026-01-28 20:45:00,0.12117,0.12206,0.12082,0.122,467478.0,ELSA/USDT:USDT
2026-01-28 21:00:00,0.122,0.12266,0.12151,0.12232,923447.0,ELSA/USDT:USDT
2026-01-28 21:15:00,0.12232,0.12437,0.12224,0.12345,1247628.0,ELSA/USDT:USDT
2026-01-28 21:30:00,0.12345,0.12411,0.12292,0.12362,1286905.0,ELSA/USDT:USDT
2026-01-28 21:45:00,0.12362,0.12383,0.12281,0.12373,448412.0,ELSA/USDT:USDT
2026-01-28 22:00:00,0.12373,0.12421,0.12297,0.12408,639771.0,ELSA/USDT:USDT
2026-01-28 22:15:00,0.12408,0.12643,0.12385,0.12387,3413538.0,ELSA/USDT:USDT
2026-01-28 22:30:00,0.12387,0.12596,0.12308,0.12458,3280840.0,ELSA/USDT:USDT
2026-01-28 22:45:00,0.12458,0.125,0.12397,0.12462,647087.0,ELSA/USDT:USDT
2026-01-28 23:00:00,0.12462,0.12537,0.12343,0.12349,1241650.0,ELSA/USDT:USDT
2026-01-28 23:15:00,0.12349,0.12449,0.12312,0.12437,629892.0,ELSA/USDT:USDT
2026-01-28 23:30:00,0.12437,0.12564,0.12414,0.12564,1304271.0,ELSA/USDT:USDT
2026-01-28 23:45:00,0.12564,0.12781,0.12553,0.12781,2623369.0,ELSA/USDT:USDT
2026-01-29 00:00:00,0.12781,0.12795,0.12343,0.12461,4904014.0,ELSA/USDT:USDT
2026-01-29 00:15:00,0.12461,0.12772,0.12406,0.12441,2475712.0,ELSA/USDT:USDT
2026-01-29 00:30:00,0.12441,0.12594,0.12338,0.12538,2048484.0,ELSA/USDT:USDT
2026-01-29 00:45:00,0.12538,0.12683,0.12439,0.12517,1235035.0,ELSA/USDT:USDT
2026-01-29 01:00:00,0.12517,0.128,0.12503,0.12675,1739880.0,ELSA/USDT:USDT
2026-01-29 01:15:00,0.12675,0.12802,0.12624,0.12754,1276006.0,ELSA/USDT:USDT
2026-01-29 01:30:00,0.12754,0.12857,0.1251,0.12594,2357020.0,ELSA/USDT:USDT
2026-01-29 01:45:00,0.12594,0.12636,0.1242,0.12549,1835104.0,ELSA/USDT:USDT
2026-01-29 02:00:00,0.12549,0.12652,0.1244,0.12549,1155579.0,ELSA/USDT:USDT
2026-01-29 02:15:00,0.12549,0.12552,0.12428,0.12486,787707.0,ELSA/USDT:USDT
2026-01-29 02:30:00,0.12486,0.12503,0.1237,0.12404,848301.0,ELSA/USDT:USDT
2026-01-29 02:45:00,0.12404,0.12407,0.12104,0.12189,1922171.0,ELSA/USDT:USDT
2026-01-29 03:00:00,0.12189,0.12272,0.12154,0.12239,541588.0,ELSA/USDT:USDT
2026-01-29 03:15:00,0.12239,0.12316,0.11982,0.12078,1240636.0,ELSA/USDT:USDT
2026-01-29 03:30:00,0.12078,0.12079,0.11868,0.11944,1282303.0,ELSA/USDT:USDT
2026-01-29 03:45:00,0.11944,0.12016,0.11904,0.11956,884990.0,ELSA/USDT:USDT
2026-01-29 04:00:00,0.11956,0.1206,0.11949,0.1203,1054743.0,ELSA/USDT:USDT
2026-01-29 04:15:00,0.1203,0.12048,0.11965,0.12022,499807.0,ELSA/USDT:USDT
2026-01-29 04:30:00,0.12022,0.12032,0.1197,0.11982,365938.0,ELSA/USDT:USDT
2026-01-29 04:45:00,0.11982,0.12006,0.11968,0.11986,459844.0,ELSA/USDT:USDT
2026-01-29 05:00:00,0.11986,0.11991,0.11678,0.11776,2115278.0,ELSA/USDT:USDT
2026-01-29 05:15:00,0.11776,0.11808,0.11703,0.11729,1550053.0,ELSA/USDT:USDT
2026-01-29 05:30:00,0.11729,0.11739,0.11515,0.11557,2367768.0,ELSA/USDT:USDT
2026-01-29 05:45:00,0.11557,0.13822,0.11489,0.12671,27213032.0,ELSA/USDT:USDT
2026-01-29 06:00:00,0.12671,0.1287,0.12304,0.12764,9083077.0,ELSA/USDT:USDT
2026-01-29 06:15:00,0.12764,0.1281,0.12366,0.1266,5525204.0,ELSA/USDT:USDT
2026-01-29 06:30:00,0.1266,0.12815,0.12365,0.12488,4153047.0,ELSA/USDT:USDT
2026-01-29 06:45:00,0.12488,0.1255,0.12257,0.12306,3191589.0,ELSA/USDT:USDT
2026-01-29 07:00:00,0.12306,0.12648,0.12235,0.12648,2997576.0,ELSA/USDT:USDT
2026-01-29 07:15:00,0.12648,0.12668,0.12401,0.12413,3320682.0,ELSA/USDT:USDT
2026-01-29 07:30:00,0.12413,0.12538,0.12249,0.12412,2237591.0,ELSA/USDT:USDT
2026-01-29 07:45:00,0.12412,0.12454,0.12084,0.12372,3836826.0,ELSA/USDT:USDT
2026-01-29 08:00:00,0.12372,0.12636,0.12349,0.12552,3731050.0,ELSA/USDT:USDT
2026-01-29 08:15:00,0.12552,0.12872,0.12459,0.12705,7504661.0,ELSA/USDT:USDT
2026-01-29 08:30:00,0.12705,0.13023,0.12375,0.12974,7530295.0,ELSA/USDT:USDT
2026-01-29 08:45:00,0.12974,0.13368,0.12913,0.13176,9740205.0,ELSA/USDT:USDT
2026-01-29 09:00:00,0.13176,0.1404,0.13003,0.13158,23816937.0,ELSA/USDT:USDT
2026-01-29 09:15:00,0.13158,0.13216,0.12499,0.12638,12106808.0,ELSA/USDT:USDT
2026-01-29 09:30:00,0.12638,0.12656,0.12086,0.12146,11577771.0,ELSA/USDT:USDT
2026-01-29 09:45:00,0.12146,0.12278,0.12097,0.12105,6744278.0,ELSA/USDT:USDT
2026-01-29 10:00:00,0.12105,0.12231,0.11927,0.11957,7968231.0,ELSA/USDT:USDT
2026-01-29 10:15:00,0.11957,0.1199,0.11745,0.11852,3294723.0,ELSA/USDT:USDT
2026-01-29 10:30:00,0.11852,0.11957,0.11761,0.11944,2189285.0,ELSA/USDT:USDT
2026-01-29 10:45:00,0.11944,0.12463,0.11901,0.12431,5789473.0,ELSA/USDT:USDT
2026-01-29 11:00:00,0.12431,0.12581,0.12317,0.12459,4999398.0,ELSA/USDT:USDT
2026-01-29 11:15:00,0.12459,0.13273,0.12324,0.13239,8634133.0,ELSA/USDT:USDT
2026-01-29 11:30:00,0.13239,0.13325,0.13022,0.13115,12144885.0,ELSA/USDT:USDT
2026-01-29 11:45:00,0.13115,0.13192,0.12748,0.12882,8176240.0,ELSA/USDT:USDT
2026-01-29 12:00:00,0.12882,0.12898,0.12658,0.12787,7584070.0,ELSA/USDT:USDT
2026-01-29 12:15:00,0.12787,0.13014,0.12734,0.12743,7929785.0,ELSA/USDT:USDT
2026-01-29 12:30:00,0.12743,0.12777,0.12255,0.12295,5238288.0,ELSA/USDT:USDT
2026-01-29 12:45:00,0.12295,0.12364,0.12221,0.12299,3964989.0,ELSA/USDT:USDT
2026-01-29 13:00:00,0.12299,0.12458,0.12263,0.12434,2783171.0,ELSA/USDT:USDT
2026-01-29 13:15:00,0.12434,0.12482,0.12303,0.12463,2320249.0,ELSA/USDT:USDT
2026-01-29 13:30:00,0.12463,0.12569,0.12436,0.12549,1434112.0,ELSA/USDT:USDT
2026-01-29 13:45:00,0.12549,0.12814,0.12539,0.12769,2268701.0,ELSA/USDT:USDT
2026-01-29 14:00:00,0.12769,0.12946,0.12556,0.12575,3713765.0,ELSA/USDT:USDT
2026-01-29 14:15:00,0.12575,0.12684,0.12496,0.12512,2416642.0,ELSA/USDT:USDT
2026-01-29 14:30:00,0.12512,0.12769,0.12505,0.12704,2664835.0,ELSA/USDT:USDT
2026-01-29 14:45:00,0.12704,0.12716,0.12486,0.12558,2127812.0,ELSA/USDT:USDT
2026-01-29 15:00:00,0.12558,0.12563,0.12041,0.12114,7743566.0,ELSA/USDT:USDT
2026-01-29 15:15:00,0.12114,0.12186,0.11998,0.12036,4760034.0,ELSA/USDT:USDT
2026-01-29 15:30:00,0.12036,0.12126,0.11893,0.12022,3804326.0,ELSA/USDT:USDT
2026-01-29 15:45:00,0.12022,0.1212,0.11952,0.12009,2913930.0,ELSA/USDT:USDT
2026-01-29 16:00:00,0.12009,0.12053,0.11884,0.11939,2841987.0,ELSA/USDT:USDT
2026-01-29 16:15:00,0.11939,0.12033,0.1185,0.1191,1765069.0,ELSA/USDT:USDT
2026-01-29 16:30:00,0.1191,0.11986,0.11861,0.11912,2190111.0,ELSA/USDT:USDT
2026-01-29 16:45:00,0.11912,0.12099,0.11895,0.12075,806015.0,ELSA/USDT:USDT
2026-01-29 17:00:00,0.12075,0.12233,0.11984,0.12005,1906200.0,ELSA/USDT:USDT
2026-01-29 17:15:00,0.12005,0.12284,0.11951,0.12234,3251502.0,ELSA/USDT:USDT
2026-01-29 17:30:00,0.12234,0.12295,0.12038,0.12051,1920303.0,ELSA/USDT:USDT
2026-01-29 17:45:00,0.12051,0.12092,0.11931,0.11961,1629090.0,ELSA/USDT:USDT
2026-01-29 18:00:00,0.11961,0.12012,0.1189,0.11992,1148935.0,ELSA/USDT:USDT
2026-01-29 18:15:00,0.11992,0.12003,0.11669,0.11806,2924021.0,ELSA/USDT:USDT
2026-01-29 18:30:00,0.11806,0.11956,0.11777,0.11943,705550.0,ELSA/USDT:USDT
2026-01-29 18:45:00,0.11943,0.11954,0.11693,0.11736,1679326.0,ELSA/USDT:USDT
2026-01-29 19:00:00,0.11736,0.1187,0.11732,0.11819,1098835.0,ELSA/USDT:USDT
2026-01-29 19:15:00,0.11819,0.11885,0.11779,0.11869,770271.0,ELSA/USDT:USDT
2026-01-29 19:30:00,0.11869,0.12037,0.11869,0.11952,840803.0,ELSA/USDT:USDT
2026-01-29 19:45:00,0.11952,0.12082,0.11949,0.12049,1040049.0,ELSA/USDT:USDT
2026-01-29 20:00:00,0.12049,0.1211,0.11945,0.11971,953148.0,ELSA/USDT:USDT
2026-01-29 20:15:00,0.11971,0.12171,0.11895,0.12127,877098.0,ELSA/USDT:USDT
2026-01-29 20:30:00,0.12127,0.12397,0.1212,0.12372,916149.0,ELSA/USDT:USDT
2026-01-29 20:45:00,0.12372,0.12372,0.12131,0.12133,839120.0,ELSA/USDT:USDT
2026-01-29 21:00:00,0.12133,0.123,0.12098,0.12248,1384545.0,ELSA/USDT:USDT
2026-01-29 21:15:00,0.12248,0.12304,0.12147,0.12223,837829.0,ELSA/USDT:USDT
2026-01-29 21:30:00,0.12223,0.12299,0.1218,0.12262,800321.0,ELSA/USDT:USDT
2026-01-29 21:45:00,0.12262,0.12292,0.12136,0.12141,866397.0,ELSA/USDT:USDT
2026-01-29 22:00:00,0.12141,0.12229,0.1206,0.12164,1008146.0,ELSA/USDT:USDT
2026-01-29 22:15:00,0.12164,0.12176,0.12091,0.12155,525349.0,ELSA/USDT:USDT
2026-01-29 22:30:00,0.12155,0.12187,0.1208,0.12164,426796.0,ELSA/USDT:USDT
2026-01-29 22:45:00,0.12164,0.12378,0.12134,0.1233,678644.0,ELSA/USDT:USDT
2026-01-29 23:00:00,0.1233,0.12409,0.12183,0.12242,1057431.0,ELSA/USDT:USDT
2026-01-29 23:15:00,0.12242,0.12449,0.12237,0.12406,730199.0,ELSA/USDT:USDT
2026-01-29 23:30:00,0.12406,0.12492,0.12378,0.12466,906309.0,ELSA/USDT:USDT
2026-01-29 23:45:00,0.12466,0.12493,0.12283,0.1231,1273880.0,ELSA/USDT:USDT
2026-01-30 00:00:00,0.1231,0.12549,0.12093,0.12114,6048862.0,ELSA/USDT:USDT
2026-01-30 00:15:00,0.12114,0.12823,0.12094,0.12735,7507558.0,ELSA/USDT:USDT
2026-01-30 00:30:00,0.12735,0.12848,0.12566,0.12675,4466854.0,ELSA/USDT:USDT
2026-01-30 00:45:00,0.12675,0.13028,0.12539,0.12868,5189642.0,ELSA/USDT:USDT
2026-01-30 01:00:00,0.12868,0.13381,0.12796,0.13381,7809768.0,ELSA/USDT:USDT
2026-01-30 01:15:00,0.13381,0.13498,0.12963,0.13085,7532676.0,ELSA/USDT:USDT
2026-01-30 01:30:00,0.13085,0.13203,0.12373,0.12654,8035353.0,ELSA/USDT:USDT
2026-01-30 01:45:00,0.12654,0.1272,0.125,0.12665,3487377.0,ELSA/USDT:USDT
2026-01-30 02:00:00,0.12665,0.12858,0.12637,0.12786,2212543.0,ELSA/USDT:USDT
2026-01-30 02:15:00,0.12786,0.12937,0.12638,0.12781,3134997.0,ELSA/USDT:USDT
2026-01-30 02:30:00,0.12781,0.13167,0.12641,0.13162,3429361.0,ELSA/USDT:USDT
2026-01-30 02:45:00,0.13162,0.1326,0.12903,0.12989,2898284.0,ELSA/USDT:USDT
2026-01-30 03:00:00,0.12989,0.13168,0.12968,0.13058,2318802.0,ELSA/USDT:USDT
2026-01-30 03:15:00,0.13058,0.1306,0.12835,0.12872,1633021.0,ELSA/USDT:USDT
2026-01-30 03:30:00,0.12872,0.13192,0.12839,0.12968,2059115.0,ELSA/USDT:USDT
2026-01-30 03:45:00,0.12968,0.13224,0.12963,0.1303,1706711.0,ELSA/USDT:USDT
2026-01-30 04:00:00,0.1303,0.13329,0.12839,0.13138,3345286.0,ELSA/USDT:USDT
2026-01-30 04:15:00,0.13138,0.13236,0.12988,0.13065,2731785.0,ELSA/USDT:USDT
2026-01-30 04:30:00,0.13065,0.1347,0.13065,0.13108,3365638.0,ELSA/USDT:USDT
2026-01-30 04:45:00,0.13108,0.13315,0.13089,0.13206,1415865.0,ELSA/USDT:USDT
2026-01-30 05:00:00,0.13206,0.1355,0.13183,0.13467,5421955.0,ELSA/USDT:USDT
2026-01-30 05:15:00,0.13467,0.13687,0.13404,0.1354,6611525.0,ELSA/USDT:USDT
2026-01-30 05:30:00,0.1354,0.13664,0.13353,0.13458,4340278.0,ELSA/USDT:USDT
2026-01-30 05:45:00,0.13458,0.13475,0.13245,0.13318,3800459.0,ELSA/USDT:USDT
2026-01-30 06:00:00,0.13318,0.13485,0.132,0.13271,2884188.0,ELSA/USDT:USDT
2026-01-30 06:15:00,0.13271,0.13287,0.13053,0.13087,2488207.0,ELSA/USDT:USDT
2026-01-30 06:30:00,0.13087,0.13115,0.12853,0.13045,3198807.0,ELSA/USDT:USDT
2026-01-30 06:45:00,0.13045,0.13063,0.1288,0.129,2565644.0,ELSA/USDT:USDT
2026-01-30 07:00:00,0.129,0.13124,0.1288,0.13079,3040180.0,ELSA/USDT:USDT
2026-01-30 07:15:00,0.13079,0.13438,0.1299,0.13307,11071677.0,ELSA/USDT:USDT
2026-01-30 07:30:00,0.13307,0.13387,0.12858,0.12934,16612143.0,ELSA/USDT:USDT
2026-01-30 07:45:00,0.12934,0.13071,0.12855,0.1298,3909415.0,ELSA/USDT:USDT
2026-01-30 08:00:00,0.1298,0.1305,0.12755,0.13002,3656682.0,ELSA/USDT:USDT
2026-01-30 08:15:00,0.13002,0.13039,0.12889,0.12958,1745931.0,ELSA/USDT:USDT
2026-01-30 08:30:00,0.12958,0.12994,0.12795,0.12808,2324152.0,ELSA/USDT:USDT
2026-01-30 08:45:00,0.12808,0.12838,0.12712,0.12744,1742769.0,ELSA/USDT:USDT
2026-01-30 09:00:00,0.12744,0.12814,0.12632,0.12715,1465850.0,ELSA/USDT:USDT
2026-01-30 09:15:00,0.12715,0.12741,0.12663,0.12684,1127797.0,ELSA/USDT:USDT
2026-01-30 09:30:00,0.12684,0.12772,0.12659,0.12716,1454709.0,ELSA/USDT:USDT
2026-01-30 09:45:00,0.12716,0.12765,0.12504,0.12692,2396944.0,ELSA/USDT:USDT
2026-01-30 10:00:00,0.12692,0.12901,0.12669,0.1286,1303391.0,ELSA/USDT:USDT
2026-01-30 10:15:00,0.1286,0.12889,0.1278,0.12807,1281165.0,ELSA/USDT:USDT
2026-01-30 10:30:00,0.12807,0.12897,0.12713,0.1275,1685295.0,ELSA/USDT:USDT
2026-01-30 10:45:00,0.1275,0.12793,0.1267,0.12785,1065545.0,ELSA/USDT:USDT
2026-01-30 11:00:00,0.12785,0.12867,0.1276,0.12854,1555050.0,ELSA/USDT:USDT
2026-01-30 11:15:00,0.12854,0.13033,0.12854,0.12955,1615282.0,ELSA/USDT:USDT
2026-01-30 11:30:00,0.12955,0.13018,0.12914,0.12942,1408112.0,ELSA/USDT:USDT
2026-01-30 11:45:00,0.12942,0.13069,0.12914,0.13026,1269270.0,ELSA/USDT:USDT
2026-01-30 12:00:00,0.13026,0.13179,0.12763,0.12783,3191576.0,ELSA/USDT:USDT
2026-01-30 12:15:00,0.12783,0.12825,0.12577,0.12628,3664002.0,ELSA/USDT:USDT
2026-01-30 12:30:00,0.12628,0.1268,0.12555,0.12625,2385453.0,ELSA/USDT:USDT
2026-01-30 12:45:00,0.12625,0.12695,0.12572,0.12583,1075517.0,ELSA/USDT:USDT
2026-01-30 13:00:00,0.12583,0.12586,0.12339,0.12474,3076141.0,ELSA/USDT:USDT
2026-01-30 13:15:00,0.12474,0.12485,0.12313,0.12383,2445635.0,ELSA/USDT:USDT
2026-01-30 13:30:00,0.12383,0.1248,0.12311,0.12417,1726987.0,ELSA/USDT:USDT
2026-01-30 13:45:00,0.12417,0.12476,0.12302,0.12368,1313337.0,ELSA/USDT:USDT
2026-01-30 14:00:00,0.12368,0.12455,0.12361,0.12415,813210.0,ELSA/USDT:USDT
2026-01-30 14:15:00,0.12415,0.12473,0.12281,0.12296,1306508.0,ELSA/USDT:USDT
2026-01-30 14:30:00,0.12296,0.12543,0.1227,0.12507,1966744.0,ELSA/USDT:USDT
2026-01-30 14:45:00,0.12507,0.12535,0.12383,0.12402,1079777.0,ELSA/USDT:USDT
2026-01-30 15:00:00,0.12402,0.126,0.124,0.12551,1196493.0,ELSA/USDT:USDT
2026-01-30 15:15:00,0.12551,0.12565,0.12404,0.1241,1595135.0,ELSA/USDT:USDT
2026-01-30 15:30:00,0.1241,0.12873,0.12395,0.12744,3374721.0,ELSA/USDT:USDT
2026-01-30 15:45:00,0.12744,0.12771,0.12657,0.12665,903497.0,ELSA/USDT:USDT
2026-01-30 16:00:00,0.12665,0.127,0.12548,0.12647,1004634.0,ELSA/USDT:USDT
2026-01-30 16:15:00,0.12647,0.12655,0.12514,0.12617,1176566.0,ELSA/USDT:USDT
2026-01-30 16:30:00,0.12617,0.12651,0.12501,0.12624,974412.0,ELSA/USDT:USDT
2026-01-30 16:45:00,0.12624,0.12624,0.12453,0.12467,767601.0,ELSA/USDT:USDT
2026-01-30 17:00:00,0.12467,0.12479,0.12341,0.12349,1061844.0,ELSA/USDT:USDT
2026-01-30 17:15:00,0.12349,0.12527,0.12308,0.12512,884559.0,ELSA/USDT:USDT
2026-01-30 17:30:00,0.12512,0.12536,0.12402,0.1244,915643.0,ELSA/USDT:USDT
2026-01-30 17:45:00,0.1244,0.12451,0.12338,0.12423,890731.0,ELSA/USDT:USDT
2026-01-30 18:00:00,0.12423,0.12499,0.12313,0.12351,887662.0,ELSA/USDT:USDT
2026-01-30 18:15:00,0.12351,0.12375,0.12151,0.12323,2702847.0,ELSA/USDT:USDT
2026-01-30 18:30:00,0.12323,0.124,0.12204,0.124,1216194.0,ELSA/USDT:USDT
2026-01-30 18:45:00,0.124,0.12547,0.124,0.12488,1424891.0,ELSA/USDT:USDT
2026-01-30 19:00:00,0.12488,0.12614,0.12395,0.12492,1596636.0,ELSA/USDT:USDT
2026-01-30 19:15:00,0.12492,0.12589,0.12428,0.12572,772269.0,ELSA/USDT:USDT
2026-01-30 19:30:00,0.12572,0.12618,0.12433,0.12496,1500492.0,ELSA/USDT:USDT
2026-01-30 19:45:00,0.12496,0.12544,0.12471,0.12493,399004.0,ELSA/USDT:USDT
2026-01-30 20:00:00,0.12493,0.12508,0.12336,0.12383,789530.0,ELSA/USDT:USDT
2026-01-30 20:15:00,0.12383,0.12418,0.12269,0.12295,1388274.0,ELSA/USDT:USDT
2026-01-30 20:30:00,0.12295,0.12329,0.12058,0.12176,3282358.0,ELSA/USDT:USDT
2026-01-30 20:45:00,0.12176,0.12188,0.12011,0.12151,1550627.0,ELSA/USDT:USDT
2026-01-30 21:00:00,0.12151,0.12213,0.12098,0.12186,531980.0,ELSA/USDT:USDT
2026-01-30 21:15:00,0.12186,0.12262,0.12155,0.12164,541614.0,ELSA/USDT:USDT
2026-01-30 21:30:00,0.12164,0.12205,0.1213,0.12168,490188.0,ELSA/USDT:USDT
2026-01-30 21:45:00,0.12168,0.12278,0.12126,0.1226,612478.0,ELSA/USDT:USDT
2026-01-30 22:00:00,0.1226,0.1227,0.12117,0.1213,1405482.0,ELSA/USDT:USDT
2026-01-30 22:15:00,0.1213,0.12143,0.12069,0.12101,726810.0,ELSA/USDT:USDT
2026-01-30 22:30:00,0.12101,0.12314,0.12101,0.12298,640242.0,ELSA/USDT:USDT
2026-01-30 22:45:00,0.12298,0.12327,0.12268,0.12313,341987.0,ELSA/USDT:USDT
2026-01-30 23:00:00,0.12313,0.12338,0.12255,0.12273,737358.0,ELSA/USDT:USDT
2026-01-30 23:15:00,0.12273,0.1239,0.12251,0.12264,613476.0,ELSA/USDT:USDT
2026-01-30 23:30:00,0.12264,0.12388,0.12204,0.12378,841931.0,ELSA/USDT:USDT
2026-01-30 23:45:00,0.12378,0.124,0.12327,0.12337,854919.0,ELSA/USDT:USDT
2026-01-31 00:00:00,0.12337,0.12539,0.12219,0.12431,4739237.0,ELSA/USDT:USDT
2026-01-31 00:15:00,0.12431,0.13099,0.12428,0.13005,7576937.0,ELSA/USDT:USDT
2026-01-31 00:30:00,0.13005,0.13102,0.12743,0.12874,7589237.0,ELSA/USDT:USDT
2026-01-31 00:45:00,0.12874,0.13122,0.12781,0.12832,3334333.0,ELSA/USDT:USDT
2026-01-31 01:00:00,0.12832,0.13264,0.12715,0.13184,4502146.0,ELSA/USDT:USDT
2026-01-31 01:15:00,0.13184,0.13217,0.12882,0.12893,2398175.0,ELSA/USDT:USDT
2026-01-31 01:30:00,0.12893,0.13002,0.12744,0.12817,1374025.0,ELSA/USDT:USDT
2026-01-31 01:45:00,0.12817,0.12949,0.12782,0.12827,1073466.0,ELSA/USDT:USDT
2026-01-31 02:00:00,0.12827,0.12964,0.12803,0.12938,721760.0,ELSA/USDT:USDT
2026-01-31 02:15:00,0.12938,0.12956,0.12833,0.12833,593877.0,ELSA/USDT:USDT
2026-01-31 02:30:00,0.12833,0.13073,0.12829,0.13068,1383276.0,ELSA/USDT:USDT
2026-01-31 02:45:00,0.13068,0.13147,0.13028,0.1305,1120502.0,ELSA/USDT:USDT
2026-01-31 03:00:00,0.1305,0.13111,0.12709,0.12793,3112700.0,ELSA/USDT:USDT
2026-01-31 03:15:00,0.12793,0.12904,0.12789,0.12866,454858.0,ELSA/USDT:USDT
2026-01-31 03:30:00,0.12866,0.12892,0.12762,0.12845,1635681.0,ELSA/USDT:USDT
2026-01-31 03:45:00,0.12845,0.12913,0.12822,0.12856,910623.0,ELSA/USDT:USDT
2026-01-31 04:00:00,0.12856,0.12916,0.12757,0.12895,1362807.0,ELSA/USDT:USDT
2026-01-31 04:15:00,0.12895,0.12933,0.12803,0.1288,990912.0,ELSA/USDT:USDT
2026-01-31 04:30:00,0.1288,0.1303,0.12844,0.12979,812075.0,ELSA/USDT:USDT
2026-01-31 04:45:00,0.12979,0.1305,0.12908,0.1305,530429.0,ELSA/USDT:USDT
2026-01-31 05:00:00,0.1305,0.13095,0.12978,0.13063,1048375.0,ELSA/USDT:USDT
2026-01-31 05:15:00,0.13063,0.13063,0.12878,0.12937,650427.0,ELSA/USDT:USDT
2026-01-31 05:30:00,0.12937,0.13007,0.12864,0.12958,791255.0,ELSA/USDT:USDT
2026-01-31 05:45:00,0.12958,0.13213,0.1295,0.1318,1212271.0,ELSA/USDT:USDT
2026-01-31 06:00:00,0.1318,0.13187,0.13014,0.13017,1071817.0,ELSA/USDT:USDT
2026-01-31 06:15:00,0.13017,0.13039,0.12948,0.13,1119873.0,ELSA/USDT:USDT
2026-01-31 06:30:00,0.13,0.13033,0.12896,0.12925,1004624.0,ELSA/USDT:USDT
2026-01-31 06:45:00,0.12925,0.13083,0.12923,0.13049,1373883.0,ELSA/USDT:USDT
2026-01-31 07:00:00,0.13049,0.13116,0.1296,0.13108,949454.0,ELSA/USDT:USDT
2026-01-31 07:15:00,0.13108,0.13396,0.13051,0.13369,1626616.0,ELSA/USDT:USDT
2026-01-31 07:30:00,0.13369,0.1355,0.13274,0.13338,4572630.0,ELSA/USDT:USDT
2026-01-31 07:45:00,0.13338,0.13491,0.13333,0.13401,1375033.0,ELSA/USDT:USDT
2026-01-31 08:00:00,0.13401,0.13754,0.1336,0.13613,4104665.0,ELSA/USDT:USDT
2026-01-31 08:15:00,0.13613,0.13632,0.1327,0.13341,3655696.0,ELSA/USDT:USDT
2026-01-31 08:30:00,0.13341,0.13365,0.1311,0.13178,3276624.0,ELSA/USDT:USDT
2026-01-31 08:45:00,0.13178,0.13304,0.13136,0.13202,1768214.0,ELSA/USDT:USDT
2026-01-31 09:00:00,0.13202,0.13272,0.1317,0.13208,1357290.0,ELSA/USDT:USDT
2026-01-31 09:15:00,0.13208,0.13303,0.13176,0.13289,1078994.0,ELSA/USDT:USDT
2026-01-31 09:30:00,0.13289,0.13362,0.13258,0.13349,1002879.0,ELSA/USDT:USDT
2026-01-31 09:45:00,0.13349,0.13503,0.13145,0.13196,3450197.0,ELSA/USDT:USDT
2026-01-31 10:00:00,0.13196,0.13272,0.13176,0.13187,809749.0,ELSA/USDT:USDT
2026-01-31 10:15:00,0.13187,0.13307,0.13128,0.13288,1792836.0,ELSA/USDT:USDT
2026-01-31 10:30:00,0.13288,0.13729,0.13288,0.13699,5942402.0,ELSA/USDT:USDT
2026-01-31 10:45:00,0.13699,0.13701,0.13526,0.137,2550309.0,ELSA/USDT:USDT
2026-01-31 11:00:00,0.137,0.14235,0.13669,0.14172,10760939.0,ELSA/USDT:USDT
2026-01-31 11:15:00,0.14172,0.14182,0.13802,0.13894,6541451.0,ELSA/USDT:USDT
2026-01-31 11:30:00,0.13894,0.14173,0.13751,0.14147,7794034.0,ELSA/USDT:USDT
2026-01-31 11:45:00,0.14147,0.14223,0.13876,0.1392,12503481.0,ELSA/USDT:USDT
2026-01-31 12:00:00,0.1392,0.1392,0.13559,0.13611,20764188.0,ELSA/USDT:USDT
2026-01-31 12:15:00,0.13611,0.13634,0.12812,0.12819,13378979.0,ELSA/USDT:USDT
2026-01-31 12:30:00,0.12819,0.12943,0.12659,0.12916,9975526.0,ELSA/USDT:USDT
2026-01-31 12:45:00,0.12916,0.13095,0.12846,0.13054,3988734.0,ELSA/USDT:USDT
2026-01-31 13:00:00,0.13054,0.13214,0.13004,0.13156,3271499.0,ELSA/USDT:USDT
2026-01-31 13:15:00,0.13156,0.13277,0.13068,0.13249,2730134.0,ELSA/USDT:USDT
2026-01-31 13:30:00,0.13249,0.13328,0.13165,0.13212,2603931.0,ELSA/USDT:USDT
2026-01-31 13:45:00,0.13212,0.13329,0.13123,0.13183,2887383.0,ELSA/USDT:USDT
2026-01-31 14:00:00,0.13183,0.1327,0.13029,0.13116,2648715.0,ELSA/USDT:USDT
2026-01-31 14:15:00,0.13116,0.13119,0.12587,0.12823,10196107.0,ELSA/USDT:USDT
2026-01-31 14:30:00,0.12823,0.12977,0.12689,0.12691,5685946.0,ELSA/USDT:USDT
2026-01-31 14:45:00,0.12691,0.12885,0.12614,0.12873,2727011.0,ELSA/USDT:USDT
2026-01-31 15:00:00,0.12873,0.12981,0.12836,0.12956,2237634.0,ELSA/USDT:USDT
2026-01-31 15:15:00,0.12956,0.12998,0.12741,0.1278,2194062.0,ELSA/USDT:USDT
2026-01-31 15:30:00,0.1278,0.12837,0.12721,0.12785,1011821.0,ELSA/USDT:USDT
2026-01-31 15:45:00,0.12785,0.1289,0.12707,0.12764,1578452.0,ELSA/USDT:USDT
2026-01-31 16:00:00,0.12764,0.131,0.12692,0.13089,2389700.0,ELSA/USDT:USDT
2026-01-31 16:15:00,0.13089,0.1318,0.12926,0.13112,3246928.0,ELSA/USDT:USDT
2026-01-31 16:30:00,0.13112,0.13119,0.12784,0.12856,1834198.0,ELSA/USDT:USDT
2026-01-31 16:45:00,0.12856,0.1289,0.12717,0.1284,2073839.0,ELSA/USDT:USDT
2026-01-31 17:00:00,0.1284,0.12899,0.12281,0.12531,9096651.0,ELSA/USDT:USDT
2026-01-31 17:15:00,0.12531,0.12676,0.12492,0.12614,3076365.0,ELSA/USDT:USDT
2026-01-31 17:30:00,0.12614,0.12809,0.1256,0.12808,2313526.0,ELSA/USDT:USDT
2026-01-31 17:45:00,0.12808,0.12828,0.1254,0.12593,1359153.0,ELSA/USDT:USDT
2026-01-31 18:00:00,0.12593,0.1277,0.12593,0.12694,1577825.0,ELSA/USDT:USDT
2026-01-31 18:15:00,0.12694,0.12801,0.12565,0.12722,2949379.0,ELSA/USDT:USDT
2026-01-31 18:30:00,0.12722,0.12835,0.11782,0.12607,11039542.0,ELSA/USDT:USDT
2026-01-31 18:45:00,0.12607,0.12764,0.12412,0.12464,5777640.0,ELSA/USDT:USDT
2026-01-31 19:00:00,0.12464,0.12643,0.12364,0.1255,2056208.0,ELSA/USDT:USDT
2026-01-31 19:15:00,0.1255,0.12621,0.12378,0.12464,1111416.0,ELSA/USDT:USDT
2026-01-31 19:30:00,0.12464,0.12509,0.12313,0.124,990323.0,ELSA/USDT:USDT
2026-01-31 19:45:00,0.124,0.12607,0.124,0.1247,1009294.0,ELSA/USDT:USDT
2026-01-31 20:00:00,0.1247,0.1247,0.12158,0.12227,2168017.0,ELSA/USDT:USDT
2026-01-31 20:15:00,0.12227,0.12543,0.12218,0.12304,6897272.0,ELSA/USDT:USDT
2026-01-31 20:30:00,0.12304,0.1258,0.12264,0.12546,1903624.0,ELSA/USDT:USDT
2026-01-31 20:45:00,0.12546,0.12643,0.12477,0.12584,1301288.0,ELSA/USDT:USDT
2026-01-31 21:00:00,0.12584,0.12629,0.12376,0.12448,1402806.0,ELSA/USDT:USDT
2026-01-31 21:15:00,0.12448,0.12772,0.12366,0.12758,1170422.0,ELSA/USDT:USDT
2026-01-31 21:30:00,0.12758,0.12922,0.12717,0.12796,1526420.0,ELSA/USDT:USDT
2026-01-31 21:45:00,0.12796,0.12822,0.12668,0.12766,909996.0,ELSA/USDT:USDT
2026-01-31 22:00:00,0.12766,0.12875,0.12712,0.12784,909628.0,ELSA/USDT:USDT
2026-01-31 22:15:00,0.12784,0.13013,0.12769,0.12986,1399532.0,ELSA/USDT:USDT
2026-01-31 22:30:00,0.12986,0.13096,0.12953,0.1301,1146865.0,ELSA/USDT:USDT
2026-01-31 22:45:00,0.1301,0.13301,0.13009,0.13265,1328725.0,ELSA/USDT:USDT
2026-01-31 23:00:00,0.13265,0.13296,0.13146,0.13193,1843657.0,ELSA/USDT:USDT
2026-01-31 23:15:00,0.13193,0.13468,0.1319,0.13328,2432609.0,ELSA/USDT:USDT
2026-01-31 23:30:00,0.13328,0.13329,0.13161,0.13279,1637912.0,ELSA/USDT:USDT
2026-01-31 23:45:00,0.13279,0.13367,0.13119,0.13321,2843784.0,ELSA/USDT:USDT
2026-02-01 00:00:00,0.13321,0.1375,0.12924,0.13699,7406318.0,ELSA/USDT:USDT
2026-02-01 00:15:00,0.13699,0.13732,0.13163,0.13324,5187055.0,ELSA/USDT:USDT
2026-02-01 00:30:00,0.13324,0.13527,0.1312,0.13154,3130516.0,ELSA/USDT:USDT
2026-02-01 00:45:00,0.13154,0.13187,0.12741,0.1283,5914142.0,ELSA/USDT:USDT
2026-02-01 01:00:00,0.1283,0.12885,0.12568,0.12604,3696568.0,ELSA/USDT:USDT
2026-02-01 01:15:00,0.12604,0.12618,0.12295,0.12375,3402526.0,ELSA/USDT:USDT
2026-02-01 01:30:00,0.12375,0.12502,0.12294,0.12403,2640495.0,ELSA/USDT:USDT
2026-02-01 01:45:00,0.12403,0.12427,0.11728,0.11916,7754155.0,ELSA/USDT:USDT
2026-02-01 02:00:00,0.11916,0.11959,0.11595,0.11731,3080637.0,ELSA/USDT:USDT
2026-02-01 02:15:00,0.11731,0.11785,0.11453,0.1158,3782648.0,ELSA/USDT:USDT
2026-02-01 02:30:00,0.1158,0.11638,0.11228,0.11294,6954164.0,ELSA/USDT:USDT
2026-02-01 02:45:00,0.11294,0.11544,0.11212,0.11463,4994515.0,ELSA/USDT:USDT
2026-02-01 03:00:00,0.11463,0.1152,0.11071,0.11156,4059490.0,ELSA/USDT:USDT
2026-02-01 03:15:00,0.11156,0.11284,0.1106,0.11088,3380554.0,ELSA/USDT:USDT
2026-02-01 03:30:00,0.11088,0.11145,0.10879,0.10941,2231694.0,ELSA/USDT:USDT
2026-02-01 03:45:00,0.10941,0.10972,0.10863,0.10928,2006146.0,ELSA/USDT:USDT
2026-02-01 04:00:00,0.10928,0.10979,0.10722,0.10802,2478915.0,ELSA/USDT:USDT
2026-02-01 04:15:00,0.10802,0.10873,0.10662,0.107,3630118.0,ELSA/USDT:USDT
2026-02-01 04:30:00,0.107,0.10735,0.10407,0.10463,6586911.0,ELSA/USDT:USDT
2026-02-01 04:45:00,0.10463,0.10512,0.10375,0.10454,1946392.0,ELSA/USDT:USDT
2026-02-01 05:00:00,0.10454,0.10655,0.10409,0.10531,3138705.0,ELSA/USDT:USDT
2026-02-01 05:15:00,0.10531,0.10805,0.1049,0.10798,3749862.0,ELSA/USDT:USDT
2026-02-01 05:30:00,0.10798,0.10839,0.10623,0.10684,2878250.0,ELSA/USDT:USDT
2026-02-01 05:45:00,0.10684,0.10736,0.10599,0.10628,1421936.0,ELSA/USDT:USDT
2026-02-01 06:00:00,0.10628,0.10924,0.10612,0.10921,2217472.0,ELSA/USDT:USDT
2026-02-01 06:15:00,0.10921,0.11101,0.10909,0.1097,3096775.0,ELSA/USDT:USDT
2026-02-01 06:30:00,0.1097,0.1101,0.10862,0.10924,2373099.0,ELSA/USDT:USDT
2026-02-01 06:45:00,0.10924,0.11179,0.10904,0.11119,2737224.0,ELSA/USDT:USDT
2026-02-01 07:00:00,0.11119,0.11205,0.11016,0.11084,2889001.0,ELSA/USDT:USDT
2026-02-01 07:15:00,0.11084,0.11104,0.10924,0.10968,1874457.0,ELSA/USDT:USDT
2026-02-01 07:30:00,0.10968,0.11192,0.10961,0.11173,1824855.0,ELSA/USDT:USDT
2026-02-01 07:45:00,0.11173,0.11173,0.10948,0.11005,1906349.0,ELSA/USDT:USDT
2026-02-01 08:00:00,0.11005,0.11079,0.10884,0.10901,1066022.0,ELSA/USDT:USDT
2026-02-01 08:15:00,0.10901,0.10913,0.10758,0.10808,1902923.0,ELSA/USDT:USDT
2026-02-01 08:30:00,0.10808,0.10977,0.10799,0.10943,1412839.0,ELSA/USDT:USDT
2026-02-01 08:45:00,0.10943,0.10965,0.10802,0.10867,1020747.0,ELSA/USDT:USDT
2026-02-01 09:00:00,0.10867,0.10946,0.10846,0.1093,793226.0,ELSA/USDT:USDT
2026-02-01 09:15:00,0.1093,0.1093,0.10815,0.10821,821959.0,ELSA/USDT:USDT
2026-02-01 09:30:00,0.10821,0.10882,0.10774,0.10835,935932.0,ELSA/USDT:USDT
2026-02-01 09:45:00,0.10835,0.10945,0.10828,0.1092,987412.0,ELSA/USDT:USDT
2026-02-01 10:00:00,0.1092,0.10943,0.10779,0.10796,1508879.0,ELSA/USDT:USDT
2026-02-01 10:15:00,0.10796,0.10976,0.10773,0.10939,4048840.0,ELSA/USDT:USDT
2026-02-01 10:30:00,0.10939,0.10987,0.10786,0.10872,6781262.0,ELSA/USDT:USDT
2026-02-01 10:45:00,0.10872,0.10898,0.10687,0.10723,13437906.0,ELSA/USDT:USDT
2026-02-01 11:00:00,0.10723,0.10725,0.10512,0.10645,7685606.0,ELSA/USDT:USDT
2026-02-01 11:15:00,0.10645,0.10723,0.10499,0.10529,5013025.0,ELSA/USDT:USDT
2026-02-01 11:30:00,0.10529,0.10711,0.10515,0.10698,2113563.0,ELSA/USDT:USDT
2026-02-01 11:45:00,0.10698,0.10728,0.10616,0.10646,1466789.0,ELSA/USDT:USDT
2026-02-01 12:00:00,0.10646,0.10654,0.10453,0.10481,2142350.0,ELSA/USDT:USDT
2026-02-01 12:15:00,0.10481,0.10533,0.10409,0.10524,1875068.0,ELSA/USDT:USDT
2026-02-01 12:30:00,0.10524,0.10601,0.10491,0.10545,729427.0,ELSA/USDT:USDT
2026-02-01 12:45:00,0.10545,0.1062,0.10538,0.10564,580653.0,ELSA/USDT:USDT
2026-02-01 13:00:00,0.10564,0.10655,0.10549,0.10564,920761.0,ELSA/USDT:USDT
2026-02-01 13:15:00,0.10564,0.10599,0.10479,0.10526,1054245.0,ELSA/USDT:USDT
2026-02-01 13:30:00,0.10526,0.1056,0.10478,0.10506,574405.0,ELSA/USDT:USDT
2026-02-01 13:45:00,0.10506,0.10552,0.10468,0.10538,1067979.0,ELSA/USDT:USDT
2026-02-01 14:00:00,0.10538,0.10575,0.10487,0.10495,1179785.0,ELSA/USDT:USDT
2026-02-01 14:15:00,0.10495,0.10535,0.10454,0.10477,1222335.0,ELSA/USDT:USDT
2026-02-01 14:30:00,0.10477,0.10483,0.1009,0.10205,7926017.0,ELSA/USDT:USDT
2026-02-01 14:45:00,0.10205,0.10308,0.10169,0.10266,4053990.0,ELSA/USDT:USDT
2026-02-01 15:00:00,0.10266,0.10286,0.10056,0.10144,7851551.0,ELSA/USDT:USDT
2026-02-01 15:15:00,0.10144,0.10151,0.09943,0.09983,4469273.0,ELSA/USDT:USDT
2026-02-01 15:30:00,0.09983,0.10025,0.0991,0.09966,3168753.0,ELSA/USDT:USDT
2026-02-01 15:45:00,0.09966,0.10052,0.09947,0.09982,1488979.0,ELSA/USDT:USDT
2026-02-01 16:00:00,0.09982,0.10095,0.09927,0.10092,1853117.0,ELSA/USDT:USDT
2026-02-01 16:15:00,0.10092,0.1013,0.09992,0.10048,2015142.0,ELSA/USDT:USDT
2026-02-01 16:30:00,0.10048,0.10048,0.09945,0.09966,1789592.0,ELSA/USDT:USDT
2026-02-01 16:45:00,0.09966,0.10004,0.09807,0.09815,1881037.0,ELSA/USDT:USDT
2026-02-01 17:00:00,0.09815,0.09884,0.09743,0.09818,3079481.0,ELSA/USDT:USDT
2026-02-01 17:15:00,0.09818,0.09908,0.09763,0.09803,1694452.0,ELSA/USDT:USDT
